-- Found Wayland: /usr/lib/libwayland-client.so;/usr/lib/libwayland-server.so;/usr/lib/libwayland-cursor.so;/usr/lib/libwayland-egl.so (found version "1.24.0")
-- Found Wayland: /usr/lib/libwayland-client.so;/usr/lib/libwayland-server.so;/usr/lib/libwayland-cursor.so;/usr/lib/libwayland-egl.so (found version "1.24.0") found components: Client
-- KF6 VERSION : 6.19.0
-- KF6 VERSION MINOR : 19
-- COMPILER FLAGS :  -fno-operator-names -fno-exceptions  -Wextra -Wcast-align -Wchar-subscripts -Wformat-security -Wno-long-long -Wpointer-arith -Wundef -Wnon-virtual-dtor -Woverloaded-virtual -Werror=return-type -Werror=init-self -Werror=undef -Wvla -Wdate-time -Wsuggest-override -Wlogical-op -pedantic -Wzero-as-null-pointer-constant -Wmissing-include-dirs -Wformat -Werror=format-security
-- Found qmllint: /usr/bin/qmllint
-- Enabling QML debugging and profiling
-- Configuring done (1.6s)
-- Generating done (0.1s)
-- Build files have been written to: /home/sam/Documents/dev/latte-dock/build
[  1%] Built target lattetasksplugin_autogen_timestamp_deps
[  1%] Built target latte-dock_autogen_timestamp_deps
[  1%] Generating mo...
[  2%] Built target latte_packagestructure_indicator_autogen_timestamp_deps
[  2%] Built target lattecontainmentplugin_autogen_timestamp_deps
[  2%] Built target lattecoreplugin_autogen_timestamp_deps
[  2%] Built target plasma_containmentactions_lattecontextmenu_autogen_timestamp_deps
[  2%] Generating ts...
[  3%] Automatic MOC for target lattetasksplugin
[  3%] Built target pofiles-3db632b4b7d16f6228e617c00fd1fb1e
[  4%] Automatic MOC for target latte_packagestructure_indicator
[  5%] Automatic MOC for target lattecoreplugin
[  5%] Built target tsfiles-3db632b4b7d16f6228e617c00fd1fb1e
[  5%] Automatic MOC for target lattecontainmentplugin
[  5%] Automatic MOC for target plasma_containmentactions_lattecontextmenu
[  6%] Automatic MOC for target latte-dock
[  6%] Built target lattetasksplugin_autogen
[  6%] Built target latte_packagestructure_indicator_autogen
[  7%] Building CXX object plasmoid/CMakeFiles/lattetasksplugin.dir/lattetasksplugin_autogen/mocs_compilation.cpp.o
[  8%] Building CXX object plasmoid/CMakeFiles/lattetasksplugin.dir/plugin/lattetasksplugin.cpp.o
[  9%] Building CXX object app/packageplugins/indicator/CMakeFiles/latte_packagestructure_indicator.dir/indicatorpackage.cpp.o
[  9%] Built target plasma_containmentactions_lattecontextmenu_autogen
[  9%] Built target lattecoreplugin_autogen
[  9%] Built target lattecontainmentplugin_autogen
[ 10%] Building CXX object containmentactions/contextmenu/CMakeFiles/plasma_containmentactions_lattecontextmenu.dir/plasma_containmentactions_lattecontextmenu_autogen/mocs_compilation.cpp.o
[ 10%] Building CXX object containmentactions/contextmenu/CMakeFiles/plasma_containmentactions_lattecontextmenu.dir/menu.cpp.o
[ 10%] Building CXX object declarativeimports/core/CMakeFiles/lattecoreplugin.dir/lattecoreplugin_autogen/mocs_compilation.cpp.o
[ 11%] Building CXX object declarativeimports/core/CMakeFiles/lattecoreplugin.dir/quickwindowsystem.cpp.o
[ 12%] Building CXX object declarativeimports/core/CMakeFiles/lattecoreplugin.dir/lattecoreplugin.cpp.o
[ 12%] Building CXX object declarativeimports/core/CMakeFiles/lattecoreplugin.dir/dialog.cpp.o
[ 13%] Building CXX object declarativeimports/core/CMakeFiles/lattecoreplugin.dir/iconitem.cpp.o
[ 13%] Building CXX object declarativeimports/core/CMakeFiles/lattecoreplugin.dir/environment.cpp.o
[ 14%] Building CXX object declarativeimports/core/CMakeFiles/lattecoreplugin.dir/tools.cpp.o
[ 15%] Building CXX object containment/CMakeFiles/lattecontainmentplugin.dir/plugin/layoutmanager.cpp.o
[ 16%] Building CXX object containment/CMakeFiles/lattecontainmentplugin.dir/plugin/types.cpp.o
[ 16%] Building CXX object containment/CMakeFiles/lattecontainmentplugin.dir/lattecontainmentplugin_autogen/mocs_compilation.cpp.o
[ 16%] Building CXX object containment/CMakeFiles/lattecontainmentplugin.dir/plugin/lattecontainmentplugin.cpp.o
[ 16%] Built target latte-dock_autogen
[ 17%] Generating ui_exporttemplatedialog.h
[ 17%] Generating ui_actionsdialog.h
[ 17%] Generating lattedockadaptor.cpp, lattedockadaptor.h
[ 17%] Generating qwayland-kde-primary-output-v1.h
[ 17%] Generating wayland-kde-primary-output-v1-client-protocol.h
[ 18%] Generating ui_detailsdialog.h
[ 19%] Generating ui_screensdialog.h
[ 19%] Generating ui_settingsdialog.h
[ 20%] Generating ui_viewsdialog.h
[ 20%] Generating qwayland-kde-primary-output-v1.cpp
[ 20%] Generating moc_lattedockadaptor.cpp
[ 21%] Generating wayland-kde-primary-output-v1-protocol.c
In file included from /home/sam/Documents/dev/latte-dock/build/declarativeimports/core/lattecoreplugin_autogen/EWIEGA46WW/moc_iconitem.cpp:9,
                 from /home/sam/Documents/dev/latte-dock/build/declarativeimports/core/lattecoreplugin_autogen/mocs_compilation.cpp:5:
/home/sam/Documents/dev/latte-dock/build/declarativeimports/core/lattecoreplugin_autogen/EWIEGA46WW/../../../../../declarativeimports/core/iconitem.h:25:10: fatal error: Plasma5Support/Svg: No such file or directory
   25 | #include <Plasma5Support/Svg>
      |          ^~~~~~~~~~~~~~~~~~~~
compilation terminated.
make[2]: *** [declarativeimports/core/CMakeFiles/lattecoreplugin.dir/build.make:85: declarativeimports/core/CMakeFiles/lattecoreplugin.dir/lattecoreplugin_autogen/mocs_compilation.cpp.o] Error 1
make[2]: *** Waiting for unfinished jobs....
[ 24%] Building CXX object app/CMakeFiles/latte-dock.dir/latte-dock_autogen/mocs_compilation.cpp.o
[ 24%] Building CXX object app/CMakeFiles/latte-dock.dir/apptypes.cpp.o
[ 24%] Building CXX object app/CMakeFiles/latte-dock.dir/primaryoutputwatcher.cpp.o
[ 24%] Building CXX object app/CMakeFiles/latte-dock.dir/lattecorona.cpp.o
[ 26%] Building CXX object app/CMakeFiles/latte-dock.dir/infoview.cpp.o
[ 26%] Building CXX object app/CMakeFiles/latte-dock.dir/screenpool.cpp.o
[ 26%] Building CXX object app/CMakeFiles/latte-dock.dir/main.cpp.o
[ 26%] Building CXX object app/CMakeFiles/latte-dock.dir/alternativeshelper.cpp.o
[ 26%] Building CXX object app/CMakeFiles/latte-dock.dir/data/activitydata.cpp.o
In file included from /home/sam/Documents/dev/latte-dock/declarativeimports/core/iconitem.cpp:12:
/home/sam/Documents/dev/latte-dock/declarativeimports/core/iconitem.h:25:10: fatal error: Plasma5Support/Svg: No such file or directory
   25 | #include <Plasma5Support/Svg>
      |          ^~~~~~~~~~~~~~~~~~~~
compilation terminated.
make[2]: *** [declarativeimports/core/CMakeFiles/lattecoreplugin.dir/build.make:141: declarativeimports/core/CMakeFiles/lattecoreplugin.dir/iconitem.cpp.o] Error 1
[ 27%] Building CXX object app/CMakeFiles/latte-dock.dir/data/appletdata.cpp.o
In file included from /home/sam/Documents/dev/latte-dock/declarativeimports/core/lattecoreplugin.cpp:13:
/home/sam/Documents/dev/latte-dock/declarativeimports/core/iconitem.h:25:10: fatal error: Plasma5Support/Svg: No such file or directory
   25 | #include <Plasma5Support/Svg>
      |          ^~~~~~~~~~~~~~~~~~~~
compilation terminated.
make[2]: *** [declarativeimports/core/CMakeFiles/lattecoreplugin.dir/build.make:99: declarativeimports/core/CMakeFiles/lattecoreplugin.dir/lattecoreplugin.cpp.o] Error 1
[ 27%] Building CXX object app/CMakeFiles/latte-dock.dir/data/errordata.cpp.o
/home/sam/Documents/dev/latte-dock/app/primaryoutputwatcher.cpp:16:10: fatal error: KWayland/Client/connection_thread.h: No such file or directory
   16 | #include <KWayland/Client/connection_thread.h>
      |          ^~~~~~~~~~~~~~~~~~~~~~~~~~~~~~~~~~~~~
compilation terminated.
make[2]: *** [app/CMakeFiles/latte-dock.dir/build.make:223: app/CMakeFiles/latte-dock.dir/primaryoutputwatcher.cpp.o] Error 1
make[2]: *** Waiting for unfinished jobs....
/home/sam/Documents/dev/latte-dock/app/alternativeshelper.cpp:14:10: fatal error: KPackage/Package: No such file or directory
   14 | #include <KPackage/Package>
      |          ^~~~~~~~~~~~~~~~~~
compilation terminated.
make[2]: *** [app/CMakeFiles/latte-dock.dir/build.make:153: app/CMakeFiles/latte-dock.dir/alternativeshelper.cpp.o] Error 1
In file included from /home/sam/Documents/dev/latte-dock/app/lattecorona.h:15,
                 from /home/sam/Documents/dev/latte-dock/app/main.cpp:11:
/home/sam/Documents/dev/latte-dock/app/view/panelshadows_p.h:11:10: fatal error: plasma/framesvg.h: No such file or directory
   11 | #include "plasma/framesvg.h"
      |          ^~~~~~~~~~~~~~~~~~~
compilation terminated.
In file included from /home/sam/Documents/dev/latte-dock/build/app/latte-dock_autogen/ZUF5Y6WZWO/moc_interfaces.cpp:9,
                 from /home/sam/Documents/dev/latte-dock/build/app/latte-dock_autogen/mocs_compilation.cpp:4:
/home/sam/Documents/dev/latte-dock/build/app/latte-dock_autogen/ZUF5Y6WZWO/../../../../app/declarativeimports/interfaces.h:14:10: fatal error: PlasmaQuick/AppletQuickItem: No such file or directory
   14 | #include <PlasmaQuick/AppletQuickItem>
      |          ^~~~~~~~~~~~~~~~~~~~~~~~~~~~~
compilation terminated.
make[2]: *** [app/CMakeFiles/latte-dock.dir/build.make:237: app/CMakeFiles/latte-dock.dir/main.cpp.o] Error 1
make[2]: *** [app/CMakeFiles/latte-dock.dir/build.make:139: app/CMakeFiles/latte-dock.dir/latte-dock_autogen/mocs_compilation.cpp.o] Error 1
In file included from /home/sam/Documents/dev/latte-dock/app/lattecorona.h:15,
                 from /home/sam/Documents/dev/latte-dock/app/infoview.h:12,
                 from /home/sam/Documents/dev/latte-dock/app/infoview.cpp:8:
/home/sam/Documents/dev/latte-dock/app/view/panelshadows_p.h:11:10: fatal error: plasma/framesvg.h: No such file or directory
   11 | #include "plasma/framesvg.h"
      |          ^~~~~~~~~~~~~~~~~~~
compilation terminated.
make[2]: *** [app/CMakeFiles/latte-dock.dir/build.make:181: app/CMakeFiles/latte-dock.dir/infoview.cpp.o] Error 1
In file included from /home/sam/Documents/dev/latte-dock/app/lattecorona.h:15,
                 from /home/sam/Documents/dev/latte-dock/app/lattecorona.cpp:8:
/home/sam/Documents/dev/latte-dock/app/view/panelshadows_p.h:11:10: fatal error: plasma/framesvg.h: No such file or directory
   11 | #include "plasma/framesvg.h"
      |          ^~~~~~~~~~~~~~~~~~~
compilation terminated.
make[2]: *** [app/CMakeFiles/latte-dock.dir/build.make:195: app/CMakeFiles/latte-dock.dir/lattecorona.cpp.o] Error 1
/home/sam/Documents/dev/latte-dock/app/packageplugins/indicator/indicatorpackage.cpp: In member function ‘virtual void Latte::IndicatorPackage::initPackage(KPackage::Package*)’:
/home/sam/Documents/dev/latte-dock/app/packageplugins/indicator/indicatorpackage.cpp:26:36: error: no matching function for call to ‘KPackage::Package::addDirectoryDefinition(QByteArray, QString, QString)’
   26 |     package->addDirectoryDefinition(QByteArrayLiteral("config"), QStringLiteral("config"), i18n("Configuration Definitions"));
      |     ~~~~~~~~~~~~~~~~~~~~~~~~~~~~~~~^~~~~~~~~~~~~~~~~~~~~~~~~~~~~~~~~~~~~~~~~~~~~~~~~~~~~~~~~~~~~~~~~~~~~~~~~~~~~~~~~~~~~~~~~~
/home/sam/Documents/dev/latte-dock/app/packageplugins/indicator/indicatorpackage.cpp:26:36: note: there is 1 candidate
In file included from /usr/include/KF6/KPackage/KPackage/Package:1,
                 from /home/sam/Documents/dev/latte-dock/app/packageplugins/indicator/indicatorpackage.h:14,
                 from /home/sam/Documents/dev/latte-dock/app/packageplugins/indicator/indicatorpackage.cpp:6:
/usr/include/KF6/KPackage/kpackage/package.h:211:10: note: candidate 1: ‘void KPackage::Package::addDirectoryDefinition(const QByteArray&, const QString&)’
  211 |     void addDirectoryDefinition(const QByteArray &key, const QString &path);
      |          ^~~~~~~~~~~~~~~~~~~~~~
/usr/include/KF6/KPackage/kpackage/package.h:211:10: note: candidate expects 2 arguments, 3 provided
/home/sam/Documents/dev/latte-dock/app/packageplugins/indicator/indicatorpackage.cpp:27:36: error: no matching function for call to ‘KPackage::Package::addDirectoryDefinition(QByteArray, QString, QString)’
   27 |     package->addDirectoryDefinition(QByteArrayLiteral("ui"), QStringLiteral("ui"), i18n("User Interface"));
      |     ~~~~~~~~~~~~~~~~~~~~~~~~~~~~~~~^~~~~~~~~~~~~~~~~~~~~~~~~~~~~~~~~~~~~~~~~~~~~~~~~~~~~~~~~~~~~~~~~~~~~~~
/home/sam/Documents/dev/latte-dock/app/packageplugins/indicator/indicatorpackage.cpp:27:36: note: there is 1 candidate
/usr/include/KF6/KPackage/kpackage/package.h:211:10: note: candidate 1: ‘void KPackage::Package::addDirectoryDefinition(const QByteArray&, const QString&)’
  211 |     void addDirectoryDefinition(const QByteArray &key, const QString &path);
      |          ^~~~~~~~~~~~~~~~~~~~~~
/usr/include/KF6/KPackage/kpackage/package.h:211:10: note: candidate expects 2 arguments, 3 provided
/home/sam/Documents/dev/latte-dock/app/packageplugins/indicator/indicatorpackage.cpp:28:36: error: no matching function for call to ‘KPackage::Package::addDirectoryDefinition(QByteArray, QString, QString)’
   28 |     package->addDirectoryDefinition(QByteArrayLiteral("data"), QStringLiteral("data"), i18n("Data Files"));
      |     ~~~~~~~~~~~~~~~~~~~~~~~~~~~~~~~^~~~~~~~~~~~~~~~~~~~~~~~~~~~~~~~~~~~~~~~~~~~~~~~~~~~~~~~~~~~~~~~~~~~~~~
/home/sam/Documents/dev/latte-dock/app/packageplugins/indicator/indicatorpackage.cpp:28:36: note: there is 1 candidate
/usr/include/KF6/KPackage/kpackage/package.h:211:10: note: candidate 1: ‘void KPackage::Package::addDirectoryDefinition(const QByteArray&, const QString&)’
  211 |     void addDirectoryDefinition(const QByteArray &key, const QString &path);
      |          ^~~~~~~~~~~~~~~~~~~~~~
/usr/include/KF6/KPackage/kpackage/package.h:211:10: note: candidate expects 2 arguments, 3 provided
/home/sam/Documents/dev/latte-dock/app/packageplugins/indicator/indicatorpackage.cpp:29:36: error: no matching function for call to ‘KPackage::Package::addDirectoryDefinition(QByteArray, QString, QString)’
   29 |     package->addDirectoryDefinition(QByteArrayLiteral("scripts"), QStringLiteral("code"), i18n("Executable Scripts"));
      |     ~~~~~~~~~~~~~~~~~~~~~~~~~~~~~~~^~~~~~~~~~~~~~~~~~~~~~~~~~~~~~~~~~~~~~~~~~~~~~~~~~~~~~~~~~~~~~~~~~~~~~~~~~~~~~~~~~
/home/sam/Documents/dev/latte-dock/app/packageplugins/indicator/indicatorpackage.cpp:29:36: note: there is 1 candidate
/usr/include/KF6/KPackage/kpackage/package.h:211:10: note: candidate 1: ‘void KPackage::Package::addDirectoryDefinition(const QByteArray&, const QString&)’
  211 |     void addDirectoryDefinition(const QByteArray &key, const QString &path);
      |          ^~~~~~~~~~~~~~~~~~~~~~
/usr/include/KF6/KPackage/kpackage/package.h:211:10: note: candidate expects 2 arguments, 3 provided
/home/sam/Documents/dev/latte-dock/app/packageplugins/indicator/indicatorpackage.cpp:30:36: error: no matching function for call to ‘KPackage::Package::addDirectoryDefinition(QByteArray, QString, QString)’
   30 |     package->addDirectoryDefinition(QByteArrayLiteral("translations"), QStringLiteral("locale"), i18n("Translations"));
      |     ~~~~~~~~~~~~~~~~~~~~~~~~~~~~~~~^~~~~~~~~~~~~~~~~~~~~~~~~~~~~~~~~~~~~~~~~~~~~~~~~~~~~~~~~~~~~~~~~~~~~~~~~~~~~~~~~~~
/home/sam/Documents/dev/latte-dock/app/packageplugins/indicator/indicatorpackage.cpp:30:36: note: there is 1 candidate
/usr/include/KF6/KPackage/kpackage/package.h:211:10: note: candidate 1: ‘void KPackage::Package::addDirectoryDefinition(const QByteArray&, const QString&)’
  211 |     void addDirectoryDefinition(const QByteArray &key, const QString &path);
      |          ^~~~~~~~~~~~~~~~~~~~~~
/usr/include/KF6/KPackage/kpackage/package.h:211:10: note: candidate expects 2 arguments, 3 provided
/home/sam/Documents/dev/latte-dock/declarativeimports/core/environment.cpp: In member function ‘uint Latte::Environment::frameworksVersion() const’:
/home/sam/Documents/dev/latte-dock/declarativeimports/core/environment.cpp:44:12: error: ‘Plasma’ has not been declared
   44 |     return Plasma::version();
      |            ^~~~~~
/home/sam/Documents/dev/latte-dock/declarativeimports/core/environment.cpp: In member function ‘uint Latte::Environment::identifyPlasmaDesktopVersion()’:
/home/sam/Documents/dev/latte-dock/declarativeimports/core/environment.cpp:64:77: error: use of deleted function ‘QString::QString(const char*)’
   64 |     QStringList plasmaDesktopVersionParts = QString(PLASMA_WORKSPACE_VERSION).split(".");
      |                                                                             ^
In file included from /usr/include/qt6/QtCore/qobject.h:11,
                 from /usr/include/qt6/QtCore/QObject:1,
                 from /home/sam/Documents/dev/latte-dock/declarativeimports/core/environment.h:10,
                 from /home/sam/Documents/dev/latte-dock/declarativeimports/core/environment.cpp:6:
/usr/include/qt6/QtCore/qstring.h:1104:5: note: declared here
 1104 |     QString(const char *ch) QSTRING_DECL_DELETED_ASCII_OP;
      |     ^~~~~~~
/home/sam/Documents/dev/latte-dock/declarativeimports/core/environment.cpp:64:77: note: use ‘-fdiagnostics-all-candidates’ to display considered candidates
   64 |     QStringList plasmaDesktopVersionParts = QString(PLASMA_WORKSPACE_VERSION).split(".");
      |                                                                             ^
/home/sam/Documents/dev/latte-dock/containment/plugin/layoutmanager.cpp: In constructor ‘Latte::Containment::LayoutManager::LayoutManager(QObject*)’:
/home/sam/Documents/dev/latte-dock/containment/plugin/layoutmanager.cpp:22:30: error: use of deleted function ‘QString::QString(const char*)’
   22 | #define ISAPPLETLOCKEDOPTION "lockZoom"
      |                              ^~~~~~~~~~
/home/sam/Documents/dev/latte-dock/containment/plugin/layoutmanager.cpp:33:14: note: in expansion of macro ‘ISAPPLETLOCKEDOPTION’
   33 |     m_option[ISAPPLETLOCKEDOPTION] = "lockedZoomApplets";
      |              ^~~~~~~~~~~~~~~~~~~~
In file included from /usr/include/qt6/QtCore/qhashfunctions.h:9,
                 from /usr/include/qt6/QtCore/qhash.h:10,
                 from /usr/include/qt6/QtCore/QHash:1,
                 from /home/sam/Documents/dev/latte-dock/containment/plugin/layoutmanager.h:10,
                 from /home/sam/Documents/dev/latte-dock/containment/plugin/layoutmanager.cpp:6:
/usr/include/qt6/QtCore/qstring.h:1104:5: note: declared here
 1104 |     QString(const char *ch) QSTRING_DECL_DELETED_ASCII_OP;
      |     ^~~~~~~
/home/sam/Documents/dev/latte-dock/containment/plugin/layoutmanager.cpp:22:30: note: use ‘-fdiagnostics-all-candidates’ to display considered candidates
   22 | #define ISAPPLETLOCKEDOPTION "lockZoom"
      |                              ^~~~~~~~~~
/home/sam/Documents/dev/latte-dock/containment/plugin/layoutmanager.cpp:33:14: note: in expansion of macro ‘ISAPPLETLOCKEDOPTION’
   33 |     m_option[ISAPPLETLOCKEDOPTION] = "lockedZoomApplets";
      |              ^~~~~~~~~~~~~~~~~~~~
/home/sam/Documents/dev/latte-dock/containment/plugin/layoutmanager.cpp:23:33: error: use of deleted function ‘QString::QString(const char*)’
   23 | #define ISCOLORINGBLOCKEDOPTION "userBlocksColorizing"
      |                                 ^~~~~~~~~~~~~~~~~~~~~~
/home/sam/Documents/dev/latte-dock/containment/plugin/layoutmanager.cpp:34:14: note: in expansion of macro ‘ISCOLORINGBLOCKEDOPTION’
   34 |     m_option[ISCOLORINGBLOCKEDOPTION] = "userBlocksColorizingApplets";
      |              ^~~~~~~~~~~~~~~~~~~~~~~
/usr/include/qt6/QtCore/qstring.h:1104:5: note: declared here
 1104 |     QString(const char *ch) QSTRING_DECL_DELETED_ASCII_OP;
      |     ^~~~~~~
/home/sam/Documents/dev/latte-dock/containment/plugin/layoutmanager.cpp:23:33: note: use ‘-fdiagnostics-all-candidates’ to display considered candidates
   23 | #define ISCOLORINGBLOCKEDOPTION "userBlocksColorizing"
      |                                 ^~~~~~~~~~~~~~~~~~~~~~
/home/sam/Documents/dev/latte-dock/containment/plugin/layoutmanager.cpp:34:14: note: in expansion of macro ‘ISCOLORINGBLOCKEDOPTION’
   34 |     m_option[ISCOLORINGBLOCKEDOPTION] = "userBlocksColorizingApplets";
      |              ^~~~~~~~~~~~~~~~~~~~~~~
/home/sam/Documents/dev/latte-dock/containment/plugin/layoutmanager.cpp: In lambda function:
/home/sam/Documents/dev/latte-dock/containment/plugin/layoutmanager.cpp:42:9: error: ‘emit’ was not declared in this scope; did you mean ‘exit’?
   42 |         emit hasRestoredAppletsChanged();
      |         ^~~~
      |         exit
/home/sam/Documents/dev/latte-dock/containment/plugin/layoutmanager.cpp: In member function ‘void Latte::Containment::LayoutManager::setSplitterPosition(const int&)’:
/home/sam/Documents/dev/latte-dock/containment/plugin/layoutmanager.cpp:63:5: error: ‘emit’ was not declared in this scope; did you mean ‘exit’?
   63 |     emit splitterPositionChanged();
      |     ^~~~
      |     exit
/home/sam/Documents/dev/latte-dock/containment/plugin/layoutmanager.cpp: In member function ‘void Latte::Containment::LayoutManager::setSplitterPosition2(const int&)’:
/home/sam/Documents/dev/latte-dock/containment/plugin/layoutmanager.cpp:78:5: error: ‘emit’ was not declared in this scope; did you mean ‘exit’?
   78 |     emit splitterPosition2Changed();
      |     ^~~~
      |     exit
/home/sam/Documents/dev/latte-dock/containment/plugin/layoutmanager.cpp: In member function ‘void Latte::Containment::LayoutManager::setAppletOrder(const QList<int>&)’:
/home/sam/Documents/dev/latte-dock/containment/plugin/layoutmanager.cpp:93:5: error: ‘emit’ was not declared in this scope; did you mean ‘exit’?
   93 |     emit appletOrderChanged();
      |     ^~~~
      |     exit
/home/sam/Documents/dev/latte-dock/containment/plugin/layoutmanager.cpp: In member function ‘void Latte::Containment::LayoutManager::setLockedZoomApplets(const QList<int>&)’:
/home/sam/Documents/dev/latte-dock/containment/plugin/layoutmanager.cpp:108:5: error: ‘emit’ was not declared in this scope; did you mean ‘exit’?
  108 |     emit lockedZoomAppletsChanged();
      |     ^~~~
      |     exit
/home/sam/Documents/dev/latte-dock/containment/plugin/layoutmanager.cpp: In member function ‘void Latte::Containment::LayoutManager::setOrder(const QList<int>&)’:
/home/sam/Documents/dev/latte-dock/containment/plugin/layoutmanager.cpp:123:5: error: ‘emit’ was not declared in this scope; did you mean ‘exit’?
  123 |     emit orderChanged();
      |     ^~~~
      |     exit
/home/sam/Documents/dev/latte-dock/containment/plugin/layoutmanager.cpp: In member function ‘void Latte::Containment::LayoutManager::setUserBlocksColorizingApplets(const QList<int>&)’:
/home/sam/Documents/dev/latte-dock/containment/plugin/layoutmanager.cpp:138:5: error: ‘emit’ was not declared in this scope; did you mean ‘exit’?
  138 |     emit userBlocksColorizingAppletsChanged();
      |     ^~~~
      |     exit
/home/sam/Documents/dev/latte-dock/containment/plugin/layoutmanager.cpp: In member function ‘void Latte::Containment::LayoutManager::setAppletInScheduledDestruction(const int&, const bool&)’:
/home/sam/Documents/dev/latte-dock/containment/plugin/layoutmanager.cpp:150:9: error: ‘emit’ was not declared in this scope; did you mean ‘exit’?
  150 |         emit appletsInScheduledDestructionChanged();
      |         ^~~~
      |         exit
/home/sam/Documents/dev/latte-dock/containment/plugin/layoutmanager.cpp:153:9: error: ‘emit’ was not declared in this scope; did you mean ‘exit’?
  153 |         emit appletsInScheduledDestructionChanged();
      |         ^~~~
      |         exit
/home/sam/Documents/dev/latte-dock/containment/plugin/layoutmanager.cpp: In member function ‘void Latte::Containment::LayoutManager::setPlasmoid(QObject*)’:
/home/sam/Documents/dev/latte-dock/containment/plugin/layoutmanager.cpp:175:5: error: ‘emit’ was not declared in this scope; did you mean ‘exit’?
  175 |     emit plasmoidChanged();
      |     ^~~~
      |     exit
make[2]: *** [declarativeimports/core/CMakeFiles/lattecoreplugin.dir/build.make:127: declarativeimports/core/CMakeFiles/lattecoreplugin.dir/environment.cpp.o] Error 1
/home/sam/Documents/dev/latte-dock/containment/plugin/layoutmanager.cpp: In member function ‘void Latte::Containment::LayoutManager::setRootItem(QQuickItem*)’:
/home/sam/Documents/dev/latte-dock/containment/plugin/layoutmanager.cpp:190:5: error: ‘emit’ was not declared in this scope; did you mean ‘exit’?
  190 |     emit rootItemChanged();
      |     ^~~~
      |     exit
/home/sam/Documents/dev/latte-dock/containment/plugin/layoutmanager.cpp: In member function ‘void Latte::Containment::LayoutManager::setDndSpacer(QQuickItem*)’:
/home/sam/Documents/dev/latte-dock/containment/plugin/layoutmanager.cpp:205:5: error: ‘emit’ was not declared in this scope; did you mean ‘exit’?
  205 |     emit dndSpacerChanged();
      |     ^~~~
      |     exit
/home/sam/Documents/dev/latte-dock/containment/plugin/layoutmanager.cpp: In member function ‘void Latte::Containment::LayoutManager::setMainLayout(QQuickItem*)’:
/home/sam/Documents/dev/latte-dock/containment/plugin/layoutmanager.cpp:220:5: error: ‘emit’ was not declared in this scope; did you mean ‘exit’?
  220 |     emit mainLayoutChanged();
      |     ^~~~
      |     exit
/home/sam/Documents/dev/latte-dock/containment/plugin/layoutmanager.cpp: In member function ‘void Latte::Containment::LayoutManager::setStartLayout(QQuickItem*)’:
/home/sam/Documents/dev/latte-dock/containment/plugin/layoutmanager.cpp:235:5: error: ‘emit’ was not declared in this scope; did you mean ‘exit’?
  235 |     emit startLayoutChanged();
      |     ^~~~
      |     exit
/home/sam/Documents/dev/latte-dock/containment/plugin/layoutmanager.cpp: In member function ‘void Latte::Containment::LayoutManager::setEndLayout(QQuickItem*)’:
/home/sam/Documents/dev/latte-dock/containment/plugin/layoutmanager.cpp:250:5: error: ‘emit’ was not declared in this scope; did you mean ‘exit’?
  250 |     emit endLayoutChanged();
      |     ^~~~
      |     exit
make[2]: *** [app/packageplugins/indicator/CMakeFiles/latte_packagestructure_indicator.dir/build.make:99: app/packageplugins/indicator/CMakeFiles/latte_packagestructure_indicator.dir/indicatorpackage.cpp.o] Error 1
make[1]: *** [CMakeFiles/Makefile2:1445: app/packageplugins/indicator/CMakeFiles/latte_packagestructure_indicator.dir/all] Error 2
make[1]: *** Waiting for unfinished jobs....
/home/sam/Documents/dev/latte-dock/containment/plugin/layoutmanager.cpp: In member function ‘void Latte::Containment::LayoutManager::setMetrics(QQuickItem*)’:
/home/sam/Documents/dev/latte-dock/containment/plugin/layoutmanager.cpp:265:5: error: ‘emit’ was not declared in this scope; did you mean ‘exit’?
  265 |     emit metricsChanged();
      |     ^~~~
      |     exit
/home/sam/Documents/dev/latte-dock/containment/plugin/layoutmanager.cpp: In member function ‘void Latte::Containment::LayoutManager::updateOrder()’:
/home/sam/Documents/dev/latte-dock/containment/plugin/layoutmanager.cpp:270:97: error: use of deleted function ‘QString::QString(const char*)’
  270 |     Latte::Types::Alignment alignment = static_cast<Latte::Types::Alignment>((*m_configuration)["alignment"].toInt());
      |                                                                                                 ^~~~~~~~~~~
/usr/include/qt6/QtCore/qstring.h:1104:5: note: declared here
 1104 |     QString(const char *ch) QSTRING_DECL_DELETED_ASCII_OP;
      |     ^~~~~~~
/home/sam/Documents/dev/latte-dock/containment/plugin/layoutmanager.cpp:270:97: note: use ‘-fdiagnostics-all-candidates’ to display considered candidates
  270 |     Latte::Types::Alignment alignment = static_cast<Latte::Types::Alignment>((*m_configuration)["alignment"].toInt());
      |                                                                                                 ^~~~~~~~~~~
/home/sam/Documents/dev/latte-dock/containment/plugin/layoutmanager.cpp: In member function ‘void Latte::Containment::LayoutManager::restore()’:
/home/sam/Documents/dev/latte-dock/containment/plugin/layoutmanager.cpp:321:62: error: use of deleted function ‘QString::QString(const char*)’
  321 |     QList<int> appletIdsOrder = toIntList((*m_configuration)["appletOrder"].toString());
      |                                                              ^~~~~~~~~~~~~
/usr/include/qt6/QtCore/qstring.h:1104:5: note: declared here
 1104 |     QString(const char *ch) QSTRING_DECL_DELETED_ASCII_OP;
      |     ^~~~~~~
/home/sam/Documents/dev/latte-dock/containment/plugin/layoutmanager.cpp:321:62: note: use ‘-fdiagnostics-all-candidates’ to display considered candidates
  321 |     QList<int> appletIdsOrder = toIntList((*m_configuration)["appletOrder"].toString());
      |                                                              ^~~~~~~~~~~~~
/home/sam/Documents/dev/latte-dock/containment/plugin/layoutmanager.cpp:324:97: error: use of deleted function ‘QString::QString(const char*)’
  324 |     Latte::Types::Alignment alignment = static_cast<Latte::Types::Alignment>((*m_configuration)["alignment"].toInt());
      |                                                                                                 ^~~~~~~~~~~
/usr/include/qt6/QtCore/qstring.h:1104:5: note: declared here
 1104 |     QString(const char *ch) QSTRING_DECL_DELETED_ASCII_OP;
      |     ^~~~~~~
/home/sam/Documents/dev/latte-dock/containment/plugin/layoutmanager.cpp:324:97: note: use ‘-fdiagnostics-all-candidates’ to display considered candidates
  324 |     Latte::Types::Alignment alignment = static_cast<Latte::Types::Alignment>((*m_configuration)["alignment"].toInt());
      |                                                                                                 ^~~~~~~~~~~
/home/sam/Documents/dev/latte-dock/containment/plugin/layoutmanager.cpp:325:47: error: use of deleted function ‘QString::QString(const char*)’
  325 |     int splitterPosition = (*m_configuration)["splitterPosition"].toInt();
      |                                               ^~~~~~~~~~~~~~~~~~
/usr/include/qt6/QtCore/qstring.h:1104:5: note: declared here
 1104 |     QString(const char *ch) QSTRING_DECL_DELETED_ASCII_OP;
      |     ^~~~~~~
/home/sam/Documents/dev/latte-dock/containment/plugin/layoutmanager.cpp:325:47: note: use ‘-fdiagnostics-all-candidates’ to display considered candidates
  325 |     int splitterPosition = (*m_configuration)["splitterPosition"].toInt();
      |                                               ^~~~~~~~~~~~~~~~~~
/home/sam/Documents/dev/latte-dock/containment/plugin/layoutmanager.cpp:326:48: error: use of deleted function ‘QString::QString(const char*)’
  326 |     int splitterPosition2 = (*m_configuration)["splitterPosition2"].toInt();
      |                                                ^~~~~~~~~~~~~~~~~~~
/usr/include/qt6/QtCore/qstring.h:1104:5: note: declared here
 1104 |     QString(const char *ch) QSTRING_DECL_DELETED_ASCII_OP;
      |     ^~~~~~~
/home/sam/Documents/dev/latte-dock/containment/plugin/layoutmanager.cpp:326:48: note: use ‘-fdiagnostics-all-candidates’ to display considered candidates
  326 |     int splitterPosition2 = (*m_configuration)["splitterPosition2"].toInt();
      |                                                ^~~~~~~~~~~~~~~~~~~
/home/sam/Documents/dev/latte-dock/containment/plugin/layoutmanager.cpp: In member function ‘void Latte::Containment::LayoutManager::restoreOption(const char*)’:
/home/sam/Documents/dev/latte-dock/containment/plugin/layoutmanager.cpp:469:64: error: use of deleted function ‘QString::QString(const char*)’
  469 |     QList<int> applets = toIntList((*m_configuration)[m_option[option]].toString());
      |                                                                ^~~~~~
/usr/include/qt6/QtCore/qstring.h:1104:5: note: declared here
 1104 |     QString(const char *ch) QSTRING_DECL_DELETED_ASCII_OP;
      |     ^~~~~~~
/home/sam/Documents/dev/latte-dock/containment/plugin/layoutmanager.cpp:469:64: note: use ‘-fdiagnostics-all-candidates’ to display considered candidates
  469 |     QList<int> applets = toIntList((*m_configuration)[m_option[option]].toString());
      |                                                                ^~~~~~
/home/sam/Documents/dev/latte-dock/containment/plugin/layoutmanager.cpp: In member function ‘void Latte::Containment::LayoutManager::save()’:
/home/sam/Documents/dev/latte-dock/containment/plugin/layoutmanager.cpp:550:97: error: use of deleted function ‘QString::QString(const char*)’
  550 |     Latte::Types::Alignment alignment = static_cast<Latte::Types::Alignment>((*m_configuration)["alignment"].toInt());
      |                                                                                                 ^~~~~~~~~~~
/usr/include/qt6/QtCore/qstring.h:1104:5: note: declared here
 1104 |     QString(const char *ch) QSTRING_DECL_DELETED_ASCII_OP;
      |     ^~~~~~~
/home/sam/Documents/dev/latte-dock/containment/plugin/layoutmanager.cpp:550:97: note: use ‘-fdiagnostics-all-candidates’ to display considered candidates
  550 |     Latte::Types::Alignment alignment = static_cast<Latte::Types::Alignment>((*m_configuration)["alignment"].toInt());
      |                                                                                                 ^~~~~~~~~~~
/home/sam/Documents/dev/latte-dock/containment/plugin/layoutmanager.cpp:556:51: error: use of deleted function ‘QString::QString(const char*)’
  556 |         int splitterPosition = (*m_configuration)["splitterPosition"].toInt();
      |                                                   ^~~~~~~~~~~~~~~~~~
/usr/include/qt6/QtCore/qstring.h:1104:5: note: declared here
 1104 |     QString(const char *ch) QSTRING_DECL_DELETED_ASCII_OP;
      |     ^~~~~~~
/home/sam/Documents/dev/latte-dock/containment/plugin/layoutmanager.cpp:556:51: note: use ‘-fdiagnostics-all-candidates’ to display considered candidates
  556 |         int splitterPosition = (*m_configuration)["splitterPosition"].toInt();
      |                                                   ^~~~~~~~~~~~~~~~~~
/home/sam/Documents/dev/latte-dock/containment/plugin/layoutmanager.cpp:557:52: error: use of deleted function ‘QString::QString(const char*)’
  557 |         int splitterPosition2 = (*m_configuration)["splitterPosition2"].toInt();
      |                                                    ^~~~~~~~~~~~~~~~~~~
/usr/include/qt6/QtCore/qstring.h:1104:5: note: declared here
 1104 |     QString(const char *ch) QSTRING_DECL_DELETED_ASCII_OP;
      |     ^~~~~~~
/home/sam/Documents/dev/latte-dock/containment/plugin/layoutmanager.cpp:557:52: note: use ‘-fdiagnostics-all-candidates’ to display considered candidates
  557 |         int splitterPosition2 = (*m_configuration)["splitterPosition2"].toInt();
      |                                                    ^~~~~~~~~~~~~~~~~~~
/home/sam/Documents/dev/latte-dock/containment/plugin/layoutmanager.cpp:576:28: error: use of deleted function ‘QString::QString(const char*)’
  576 |     if ((*m_configuration)["appletOrder"] != appletsserialized) {
      |                            ^~~~~~~~~~~~~
/usr/include/qt6/QtCore/qstring.h:1104:5: note: declared here
 1104 |     QString(const char *ch) QSTRING_DECL_DELETED_ASCII_OP;
      |     ^~~~~~~
/home/sam/Documents/dev/latte-dock/containment/plugin/layoutmanager.cpp:576:28: note: use ‘-fdiagnostics-all-candidates’ to display considered candidates
  576 |     if ((*m_configuration)["appletOrder"] != appletsserialized) {
      |                            ^~~~~~~~~~~~~
/home/sam/Documents/dev/latte-dock/containment/plugin/layoutmanager.cpp:577:33: error: use of deleted function ‘QString::QString(const char*)’
  577 |         m_configuration->insert("appletOrder", appletsserialized);
      |                                 ^~~~~~~~~~~~~
/usr/include/qt6/QtCore/qstring.h:1104:5: note: declared here
 1104 |     QString(const char *ch) QSTRING_DECL_DELETED_ASCII_OP;
      |     ^~~~~~~
/home/sam/Documents/dev/latte-dock/containment/plugin/layoutmanager.cpp:577:33: note: use ‘-fdiagnostics-all-candidates’ to display considered candidates
  577 |         m_configuration->insert("appletOrder", appletsserialized);
      |                                 ^~~~~~~~~~~~~
/home/sam/Documents/dev/latte-dock/containment/plugin/layoutmanager.cpp:578:9: error: ‘emit’ was not declared in this scope; did you mean ‘exit’?
  578 |         emit m_configuration->valueChanged("appletOrder", appletsserialized);
      |         ^~~~
      |         exit
/home/sam/Documents/dev/latte-dock/containment/plugin/layoutmanager.cpp: In member function ‘void Latte::Containment::LayoutManager::saveOptions()’:
/home/sam/Documents/dev/latte-dock/containment/plugin/layoutmanager.cpp:22:30: error: use of deleted function ‘QString::QString(const char*)’
   22 | #define ISAPPLETLOCKEDOPTION "lockZoom"
      |                              ^~~~~~~~~~
/home/sam/Documents/dev/latte-dock/containment/plugin/layoutmanager.cpp:585:37: note: in expansion of macro ‘ISAPPLETLOCKEDOPTION’
  585 |     if ((*m_configuration)[m_option[ISAPPLETLOCKEDOPTION]] != lockedserialized) {
      |                                     ^~~~~~~~~~~~~~~~~~~~
/usr/include/qt6/QtCore/qstring.h:1104:5: note: declared here
 1104 |     QString(const char *ch) QSTRING_DECL_DELETED_ASCII_OP;
      |     ^~~~~~~
/home/sam/Documents/dev/latte-dock/containment/plugin/layoutmanager.cpp:22:30: note: use ‘-fdiagnostics-all-candidates’ to display considered candidates
   22 | #define ISAPPLETLOCKEDOPTION "lockZoom"
      |                              ^~~~~~~~~~
/home/sam/Documents/dev/latte-dock/containment/plugin/layoutmanager.cpp:585:37: note: in expansion of macro ‘ISAPPLETLOCKEDOPTION’
  585 |     if ((*m_configuration)[m_option[ISAPPLETLOCKEDOPTION]] != lockedserialized) {
      |                                     ^~~~~~~~~~~~~~~~~~~~
/home/sam/Documents/dev/latte-dock/containment/plugin/layoutmanager.cpp:22:30: error: use of deleted function ‘QString::QString(const char*)’
   22 | #define ISAPPLETLOCKEDOPTION "lockZoom"
      |                              ^~~~~~~~~~
/home/sam/Documents/dev/latte-dock/containment/plugin/layoutmanager.cpp:586:42: note: in expansion of macro ‘ISAPPLETLOCKEDOPTION’
  586 |         m_configuration->insert(m_option[ISAPPLETLOCKEDOPTION], lockedserialized);
      |                                          ^~~~~~~~~~~~~~~~~~~~
/usr/include/qt6/QtCore/qstring.h:1104:5: note: declared here
 1104 |     QString(const char *ch) QSTRING_DECL_DELETED_ASCII_OP;
      |     ^~~~~~~
/home/sam/Documents/dev/latte-dock/containment/plugin/layoutmanager.cpp:22:30: note: use ‘-fdiagnostics-all-candidates’ to display considered candidates
   22 | #define ISAPPLETLOCKEDOPTION "lockZoom"
      |                              ^~~~~~~~~~
/home/sam/Documents/dev/latte-dock/containment/plugin/layoutmanager.cpp:586:42: note: in expansion of macro ‘ISAPPLETLOCKEDOPTION’
  586 |         m_configuration->insert(m_option[ISAPPLETLOCKEDOPTION], lockedserialized);
      |                                          ^~~~~~~~~~~~~~~~~~~~
In file included from /home/sam/Documents/dev/latte-dock/app/data/activitydata.cpp:6:
/home/sam/Documents/dev/latte-dock/app/data/activitydata.h:35:24: error: ‘State’ in ‘class KActivities::Info’ does not name a type
   35 |     KActivities::Info::State state;
      |                        ^~~~~
/home/sam/Documents/dev/latte-dock/containment/plugin/layoutmanager.cpp:587:9: error: ‘emit’ was not declared in this scope; did you mean ‘exit’?
  587 |         emit m_configuration->valueChanged(m_option[ISAPPLETLOCKEDOPTION], lockedserialized);
      |         ^~~~
      |         exit
/home/sam/Documents/dev/latte-dock/containment/plugin/layoutmanager.cpp:23:33: error: use of deleted function ‘QString::QString(const char*)’
   23 | #define ISCOLORINGBLOCKEDOPTION "userBlocksColorizing"
      |                                 ^~~~~~~~~~~~~~~~~~~~~~
/home/sam/Documents/dev/latte-dock/containment/plugin/layoutmanager.cpp:591:37: note: in expansion of macro ‘ISCOLORINGBLOCKEDOPTION’
  591 |     if ((*m_configuration)[m_option[ISCOLORINGBLOCKEDOPTION]] != colorsserialized) {
      |                                     ^~~~~~~~~~~~~~~~~~~~~~~
/usr/include/qt6/QtCore/qstring.h:1104:5: note: declared here
 1104 |     QString(const char *ch) QSTRING_DECL_DELETED_ASCII_OP;
      |     ^~~~~~~
/home/sam/Documents/dev/latte-dock/containment/plugin/layoutmanager.cpp:23:33: note: use ‘-fdiagnostics-all-candidates’ to display considered candidates
   23 | #define ISCOLORINGBLOCKEDOPTION "userBlocksColorizing"
      |                                 ^~~~~~~~~~~~~~~~~~~~~~
/home/sam/Documents/dev/latte-dock/containment/plugin/layoutmanager.cpp:591:37: note: in expansion of macro ‘ISCOLORINGBLOCKEDOPTION’
  591 |     if ((*m_configuration)[m_option[ISCOLORINGBLOCKEDOPTION]] != colorsserialized) {
      |                                     ^~~~~~~~~~~~~~~~~~~~~~~
/home/sam/Documents/dev/latte-dock/containment/plugin/layoutmanager.cpp:23:33: error: use of deleted function ‘QString::QString(const char*)’
   23 | #define ISCOLORINGBLOCKEDOPTION "userBlocksColorizing"
      |                                 ^~~~~~~~~~~~~~~~~~~~~~
/home/sam/Documents/dev/latte-dock/containment/plugin/layoutmanager.cpp:592:42: note: in expansion of macro ‘ISCOLORINGBLOCKEDOPTION’
  592 |         m_configuration->insert(m_option[ISCOLORINGBLOCKEDOPTION], colorsserialized);
      |                                          ^~~~~~~~~~~~~~~~~~~~~~~
/usr/include/qt6/QtCore/qstring.h:1104:5: note: declared here
 1104 |     QString(const char *ch) QSTRING_DECL_DELETED_ASCII_OP;
      |     ^~~~~~~
/home/sam/Documents/dev/latte-dock/containment/plugin/layoutmanager.cpp:23:33: note: use ‘-fdiagnostics-all-candidates’ to display considered candidates
   23 | #define ISCOLORINGBLOCKEDOPTION "userBlocksColorizing"
      |                                 ^~~~~~~~~~~~~~~~~~~~~~
/home/sam/Documents/dev/latte-dock/containment/plugin/layoutmanager.cpp:592:42: note: in expansion of macro ‘ISCOLORINGBLOCKEDOPTION’
  592 |         m_configuration->insert(m_option[ISCOLORINGBLOCKEDOPTION], colorsserialized);
      |                                          ^~~~~~~~~~~~~~~~~~~~~~~
/home/sam/Documents/dev/latte-dock/containment/plugin/layoutmanager.cpp:593:9: error: ‘emit’ was not declared in this scope; did you mean ‘exit’?
  593 |         emit m_configuration->valueChanged(m_option[ISCOLORINGBLOCKEDOPTION], colorsserialized);
      |         ^~~~
      |         exit
/home/sam/Documents/dev/latte-dock/containment/plugin/layoutmanager.cpp:596:28: error: use of deleted function ‘QString::QString(const char*)’
  596 |     if ((*m_configuration)["splitterPosition"] != m_splitterPosition) {
      |                            ^~~~~~~~~~~~~~~~~~
/usr/include/qt6/QtCore/qstring.h:1104:5: note: declared here
 1104 |     QString(const char *ch) QSTRING_DECL_DELETED_ASCII_OP;
      |     ^~~~~~~
/home/sam/Documents/dev/latte-dock/containment/plugin/layoutmanager.cpp:596:28: note: use ‘-fdiagnostics-all-candidates’ to display considered candidates
  596 |     if ((*m_configuration)["splitterPosition"] != m_splitterPosition) {
      |                            ^~~~~~~~~~~~~~~~~~
/home/sam/Documents/dev/latte-dock/containment/plugin/layoutmanager.cpp:597:33: error: use of deleted function ‘QString::QString(const char*)’
  597 |         m_configuration->insert("splitterPosition", m_splitterPosition);
      |                                 ^~~~~~~~~~~~~~~~~~
/usr/include/qt6/QtCore/qstring.h:1104:5: note: declared here
 1104 |     QString(const char *ch) QSTRING_DECL_DELETED_ASCII_OP;
      |     ^~~~~~~
/home/sam/Documents/dev/latte-dock/containment/plugin/layoutmanager.cpp:597:33: note: use ‘-fdiagnostics-all-candidates’ to display considered candidates
  597 |         m_configuration->insert("splitterPosition", m_splitterPosition);
      |                                 ^~~~~~~~~~~~~~~~~~
/home/sam/Documents/dev/latte-dock/app/data/activitydata.cpp: In constructor ‘Latte::Data::Activity::Activity(Latte::Data::Activity&&)’:
/home/sam/Documents/dev/latte-dock/app/data/activitydata.cpp:20:7: error: class ‘Latte::Data::Activity’ does not have any field named ‘state’
   20 |       state(o.state)
      |       ^~~~~
/home/sam/Documents/dev/latte-dock/app/data/activitydata.cpp:20:15: error: ‘class Latte::Data::Activity’ has no member named ‘state’
   20 |       state(o.state)
      |               ^~~~~
/home/sam/Documents/dev/latte-dock/app/data/activitydata.cpp: In copy constructor ‘Latte::Data::Activity::Activity(const Latte::Data::Activity&)’:
/home/sam/Documents/dev/latte-dock/app/data/activitydata.cpp:28:7: error: class ‘Latte::Data::Activity’ does not have any field named ‘state’
   28 |       state(o.state)
      |       ^~~~~
/home/sam/Documents/dev/latte-dock/app/data/activitydata.cpp:28:15: error: ‘const class Latte::Data::Activity’ has no member named ‘state’
   28 |       state(o.state)
      |               ^~~~~
/home/sam/Documents/dev/latte-dock/containment/plugin/layoutmanager.cpp:598:9: error: ‘emit’ was not declared in this scope; did you mean ‘exit’?
  598 |         emit m_configuration->valueChanged(m_option["splitterPosition"], m_splitterPosition);
      |         ^~~~
      |         exit
/home/sam/Documents/dev/latte-dock/containment/plugin/layoutmanager.cpp:601:28: error: use of deleted function ‘QString::QString(const char*)’
  601 |     if ((*m_configuration)["splitterPosition2"] != m_splitterPosition2) {
      |                            ^~~~~~~~~~~~~~~~~~~
/usr/include/qt6/QtCore/qstring.h:1104:5: note: declared here
 1104 |     QString(const char *ch) QSTRING_DECL_DELETED_ASCII_OP;
      |     ^~~~~~~
/home/sam/Documents/dev/latte-dock/containment/plugin/layoutmanager.cpp:601:28: note: use ‘-fdiagnostics-all-candidates’ to display considered candidates
  601 |     if ((*m_configuration)["splitterPosition2"] != m_splitterPosition2) {
      |                            ^~~~~~~~~~~~~~~~~~~
/home/sam/Documents/dev/latte-dock/containment/plugin/layoutmanager.cpp:602:33: error: use of deleted function ‘QString::QString(const char*)’
  602 |         m_configuration->insert("splitterPosition2", m_splitterPosition2);
      |                                 ^~~~~~~~~~~~~~~~~~~
/usr/include/qt6/QtCore/qstring.h:1104:5: note: declared here
 1104 |     QString(const char *ch) QSTRING_DECL_DELETED_ASCII_OP;
      |     ^~~~~~~
/home/sam/Documents/dev/latte-dock/containment/plugin/layoutmanager.cpp:602:33: note: use ‘-fdiagnostics-all-candidates’ to display considered candidates
  602 |         m_configuration->insert("splitterPosition2", m_splitterPosition2);
      |                                 ^~~~~~~~~~~~~~~~~~~
/home/sam/Documents/dev/latte-dock/app/data/activitydata.cpp: In member function ‘Latte::Data::Activity& Latte::Data::Activity::operator=(const Latte::Data::Activity&)’:
/home/sam/Documents/dev/latte-dock/app/data/activitydata.cpp:38:5: error: ‘state’ was not declared in this scope
   38 |     state = rhs.state;
      |     ^~~~~
/home/sam/Documents/dev/latte-dock/app/data/activitydata.cpp:38:17: error: ‘const class Latte::Data::Activity’ has no member named ‘state’
   38 |     state = rhs.state;
      |                 ^~~~~
/home/sam/Documents/dev/latte-dock/containment/plugin/layoutmanager.cpp:603:9: error: ‘emit’ was not declared in this scope; did you mean ‘exit’?
  603 |         emit m_configuration->valueChanged(m_option["splitterPosition2"], m_splitterPosition2);
      |         ^~~~
      |         exit
/home/sam/Documents/dev/latte-dock/containment/plugin/layoutmanager.cpp: In member function ‘void Latte::Containment::LayoutManager::setOption(const int&, const QString&, const QVariant&)’:
/home/sam/Documents/dev/latte-dock/containment/plugin/layoutmanager.cpp:22:30: error: use of deleted function ‘QString::QString(const char*)’
   22 | #define ISAPPLETLOCKEDOPTION "lockZoom"
      |                              ^~~~~~~~~~
/home/sam/Documents/dev/latte-dock/containment/plugin/layoutmanager.cpp:609:21: note: in expansion of macro ‘ISAPPLETLOCKEDOPTION’
  609 |     if (property == ISAPPLETLOCKEDOPTION) {
      |                     ^~~~~~~~~~~~~~~~~~~~
/usr/include/qt6/QtCore/qstring.h:1104:5: note: declared here
 1104 |     QString(const char *ch) QSTRING_DECL_DELETED_ASCII_OP;
      |     ^~~~~~~
/home/sam/Documents/dev/latte-dock/containment/plugin/layoutmanager.cpp:22:30: note: use ‘-fdiagnostics-all-candidates’ to display considered candidates
   22 | #define ISAPPLETLOCKEDOPTION "lockZoom"
      |                              ^~~~~~~~~~
/home/sam/Documents/dev/latte-dock/containment/plugin/layoutmanager.cpp:609:21: note: in expansion of macro ‘ISAPPLETLOCKEDOPTION’
  609 |     if (property == ISAPPLETLOCKEDOPTION) {
      |                     ^~~~~~~~~~~~~~~~~~~~
/home/sam/Documents/dev/latte-dock/containment/plugin/layoutmanager.cpp:23:33: error: use of deleted function ‘QString::QString(const char*)’
   23 | #define ISCOLORINGBLOCKEDOPTION "userBlocksColorizing"
      |                                 ^~~~~~~~~~~~~~~~~~~~~~
/home/sam/Documents/dev/latte-dock/containment/plugin/layoutmanager.cpp:619:28: note: in expansion of macro ‘ISCOLORINGBLOCKEDOPTION’
  619 |     } else if (property == ISCOLORINGBLOCKEDOPTION) {
      |                            ^~~~~~~~~~~~~~~~~~~~~~~
/usr/include/qt6/QtCore/qstring.h:1104:5: note: declared here
 1104 |     QString(const char *ch) QSTRING_DECL_DELETED_ASCII_OP;
      |     ^~~~~~~
/home/sam/Documents/dev/latte-dock/containment/plugin/layoutmanager.cpp:23:33: note: use ‘-fdiagnostics-all-candidates’ to display considered candidates
   23 | #define ISCOLORINGBLOCKEDOPTION "userBlocksColorizing"
      |                                 ^~~~~~~~~~~~~~~~~~~~~~
/home/sam/Documents/dev/latte-dock/containment/plugin/layoutmanager.cpp:619:28: note: in expansion of macro ‘ISCOLORINGBLOCKEDOPTION’
  619 |     } else if (property == ISCOLORINGBLOCKEDOPTION) {
      |                            ^~~~~~~~~~~~~~~~~~~~~~~
/home/sam/Documents/dev/latte-dock/containment/plugin/layoutmanager.cpp: In member function ‘int Latte::Containment::LayoutManager::dndSpacerIndex()’:
/home/sam/Documents/dev/latte-dock/containment/plugin/layoutmanager.cpp:892:97: error: use of deleted function ‘QString::QString(const char*)’
  892 |     Latte::Types::Alignment alignment = static_cast<Latte::Types::Alignment>((*m_configuration)["alignment"].toInt());
      |                                                                                                 ^~~~~~~~~~~
/usr/include/qt6/QtCore/qstring.h:1104:5: note: declared here
 1104 |     QString(const char *ch) QSTRING_DECL_DELETED_ASCII_OP;
      |     ^~~~~~~
/home/sam/Documents/dev/latte-dock/containment/plugin/layoutmanager.cpp:892:97: note: use ‘-fdiagnostics-all-candidates’ to display considered candidates
  892 |     Latte::Types::Alignment alignment = static_cast<Latte::Types::Alignment>((*m_configuration)["alignment"].toInt());
      |                                                                                                 ^~~~~~~~~~~
/home/sam/Documents/dev/latte-dock/containment/plugin/layoutmanager.cpp: In member function ‘void Latte::Containment::LayoutManager::requestAppletsOrder(const QList<int>&)’:
/home/sam/Documents/dev/latte-dock/containment/plugin/layoutmanager.cpp:947:97: error: use of deleted function ‘QString::QString(const char*)’
  947 |     Latte::Types::Alignment alignment = static_cast<Latte::Types::Alignment>((*m_configuration)["alignment"].toInt());
      |                                                                                                 ^~~~~~~~~~~
/usr/include/qt6/QtCore/qstring.h:1104:5: note: declared here
 1104 |     QString(const char *ch) QSTRING_DECL_DELETED_ASCII_OP;
      |     ^~~~~~~
/home/sam/Documents/dev/latte-dock/containment/plugin/layoutmanager.cpp:947:97: note: use ‘-fdiagnostics-all-candidates’ to display considered candidates
  947 |     Latte::Types::Alignment alignment = static_cast<Latte::Types::Alignment>((*m_configuration)["alignment"].toInt());
      |                                                                                                 ^~~~~~~~~~~
/home/sam/Documents/dev/latte-dock/app/data/activitydata.cpp: In member function ‘Latte::Data::Activity& Latte::Data::Activity::operator=(Latte::Data::Activity&&)’:
/home/sam/Documents/dev/latte-dock/app/data/activitydata.cpp:49:5: error: ‘state’ was not declared in this scope
   49 |     state = rhs.state;
      |     ^~~~~
/home/sam/Documents/dev/latte-dock/app/data/activitydata.cpp:49:17: error: ‘class Latte::Data::Activity’ has no member named ‘state’
   49 |     state = rhs.state;
      |                 ^~~~~
/home/sam/Documents/dev/latte-dock/containment/plugin/layoutmanager.cpp: In member function ‘void Latte::Containment::LayoutManager::insertAtCoordinates(QQuickItem*, const int&, const int&)’:
/home/sam/Documents/dev/latte-dock/containment/plugin/layoutmanager.cpp:1011:97: error: use of deleted function ‘QString::QString(const char*)’
 1011 |     Latte::Types::Alignment alignment = static_cast<Latte::Types::Alignment>((*m_configuration)["alignment"].toInt());
      |                                                                                                 ^~~~~~~~~~~
/usr/include/qt6/QtCore/qstring.h:1104:5: note: declared here
 1104 |     QString(const char *ch) QSTRING_DECL_DELETED_ASCII_OP;
      |     ^~~~~~~
/home/sam/Documents/dev/latte-dock/containment/plugin/layoutmanager.cpp:1011:97: note: use ‘-fdiagnostics-all-candidates’ to display considered candidates
 1011 |     Latte::Types::Alignment alignment = static_cast<Latte::Types::Alignment>((*m_configuration)["alignment"].toInt());
      |                                                                                                 ^~~~~~~~~~~
/home/sam/Documents/dev/latte-dock/containment/plugin/layoutmanager.cpp: In member function ‘void Latte::Containment::LayoutManager::addAppletItem(QObject*, int)’:
/home/sam/Documents/dev/latte-dock/containment/plugin/layoutmanager.cpp:1101:97: error: use of deleted function ‘QString::QString(const char*)’
 1101 |     Latte::Types::Alignment alignment = static_cast<Latte::Types::Alignment>((*m_configuration)["alignment"].toInt());
      |                                                                                                 ^~~~~~~~~~~
/usr/include/qt6/QtCore/qstring.h:1104:5: note: declared here
 1104 |     QString(const char *ch) QSTRING_DECL_DELETED_ASCII_OP;
      |     ^~~~~~~
/home/sam/Documents/dev/latte-dock/containment/plugin/layoutmanager.cpp:1101:97: note: use ‘-fdiagnostics-all-candidates’ to display considered candidates
 1101 |     Latte::Types::Alignment alignment = static_cast<Latte::Types::Alignment>((*m_configuration)["alignment"].toInt());
      |                                                                                                 ^~~~~~~~~~~
/home/sam/Documents/dev/latte-dock/app/data/activitydata.cpp: In member function ‘bool Latte::Data::Activity::isValid() const’:
/home/sam/Documents/dev/latte-dock/app/data/activitydata.cpp:56:13: error: ‘state’ was not declared in this scope
   56 |     return (state != KActivities::Info::Invalid);
      |             ^~~~~
/home/sam/Documents/dev/latte-dock/app/data/activitydata.cpp:56:41: error: ‘Invalid’ is not a member of ‘KActivities::Info’
   56 |     return (state != KActivities::Info::Invalid);
      |                                         ^~~~~~~
/home/sam/Documents/dev/latte-dock/containment/plugin/layoutmanager.cpp: In member function ‘void Latte::Containment::LayoutManager::reorderSplitterInStartLayout()’:
/home/sam/Documents/dev/latte-dock/containment/plugin/layoutmanager.cpp:1279:97: error: use of deleted function ‘QString::QString(const char*)’
 1279 |     Latte::Types::Alignment alignment = static_cast<Latte::Types::Alignment>((*m_configuration)["alignment"].toInt());
      |                                                                                                 ^~~~~~~~~~~
/usr/include/qt6/QtCore/qstring.h:1104:5: note: declared here
 1104 |     QString(const char *ch) QSTRING_DECL_DELETED_ASCII_OP;
      |     ^~~~~~~
/home/sam/Documents/dev/latte-dock/containment/plugin/layoutmanager.cpp:1279:97: note: use ‘-fdiagnostics-all-candidates’ to display considered candidates
 1279 |     Latte::Types::Alignment alignment = static_cast<Latte::Types::Alignment>((*m_configuration)["alignment"].toInt());
      |                                                                                                 ^~~~~~~~~~~
/home/sam/Documents/dev/latte-dock/containment/plugin/layoutmanager.cpp: In member function ‘void Latte::Containment::LayoutManager::reorderSplitterInEndLayout()’:
/home/sam/Documents/dev/latte-dock/containment/plugin/layoutmanager.cpp:1308:97: error: use of deleted function ‘QString::QString(const char*)’
 1308 |     Latte::Types::Alignment alignment = static_cast<Latte::Types::Alignment>((*m_configuration)["alignment"].toInt());
      |                                                                                                 ^~~~~~~~~~~
/usr/include/qt6/QtCore/qstring.h:1104:5: note: declared here
 1104 |     QString(const char *ch) QSTRING_DECL_DELETED_ASCII_OP;
      |     ^~~~~~~
/home/sam/Documents/dev/latte-dock/containment/plugin/layoutmanager.cpp:1308:97: note: use ‘-fdiagnostics-all-candidates’ to display considered candidates
 1308 |     Latte::Types::Alignment alignment = static_cast<Latte::Types::Alignment>((*m_configuration)["alignment"].toInt());
      |                                                                                                 ^~~~~~~~~~~
/home/sam/Documents/dev/latte-dock/containment/plugin/layoutmanager.cpp: In member function ‘void Latte::Containment::LayoutManager::addJustifySplittersInMainLayout()’:
/home/sam/Documents/dev/latte-dock/containment/plugin/layoutmanager.cpp:1343:47: error: use of deleted function ‘QString::QString(const char*)’
 1343 |     int splitterPosition = (*m_configuration)["splitterPosition"].toInt();
      |                                               ^~~~~~~~~~~~~~~~~~
/usr/include/qt6/QtCore/qstring.h:1104:5: note: declared here
 1104 |     QString(const char *ch) QSTRING_DECL_DELETED_ASCII_OP;
      |     ^~~~~~~
/home/sam/Documents/dev/latte-dock/containment/plugin/layoutmanager.cpp:1343:47: note: use ‘-fdiagnostics-all-candidates’ to display considered candidates
 1343 |     int splitterPosition = (*m_configuration)["splitterPosition"].toInt();
      |                                               ^~~~~~~~~~~~~~~~~~
/home/sam/Documents/dev/latte-dock/containment/plugin/layoutmanager.cpp:1344:48: error: use of deleted function ‘QString::QString(const char*)’
 1344 |     int splitterPosition2 = (*m_configuration)["splitterPosition2"].toInt();
      |                                                ^~~~~~~~~~~~~~~~~~~
/usr/include/qt6/QtCore/qstring.h:1104:5: note: declared here
 1104 |     QString(const char *ch) QSTRING_DECL_DELETED_ASCII_OP;
      |     ^~~~~~~
/home/sam/Documents/dev/latte-dock/containment/plugin/layoutmanager.cpp:1344:48: note: use ‘-fdiagnostics-all-candidates’ to display considered candidates
 1344 |     int splitterPosition2 = (*m_configuration)["splitterPosition2"].toInt();
      |                                                ^~~~~~~~~~~~~~~~~~~
/home/sam/Documents/dev/latte-dock/declarativeimports/core/dialog.cpp: In member function ‘void Latte::Quick::Dialog::setContainsMouse(bool)’:
/home/sam/Documents/dev/latte-dock/declarativeimports/core/dialog.cpp:34:5: error: ‘emit’ was not declared in this scope; did you mean ‘exit’?
   34 |     emit containsMouseChanged();
      |     ^~~~
      |     exit
/home/sam/Documents/dev/latte-dock/app/data/activitydata.cpp: In member function ‘bool Latte::Data::Activity::isRunning() const’:
/home/sam/Documents/dev/latte-dock/app/data/activitydata.cpp:61:14: error: ‘state’ was not declared in this scope
   61 |     return ((state == KActivities::Info::Running) || (state == KActivities::Info::Starting));
      |              ^~~~~
/home/sam/Documents/dev/latte-dock/app/data/activitydata.cpp:61:42: error: ‘Running’ is not a member of ‘KActivities::Info’
   61 |     return ((state == KActivities::Info::Running) || (state == KActivities::Info::Starting));
      |                                          ^~~~~~~
/home/sam/Documents/dev/latte-dock/app/data/activitydata.cpp:61:83: error: ‘Starting’ is not a member of ‘KActivities::Info’
   61 |     return ((state == KActivities::Info::Running) || (state == KActivities::Info::Starting));
      |                                                                                   ^~~~~~~~
/home/sam/Documents/dev/latte-dock/declarativeimports/core/dialog.cpp: In member function ‘void Latte::Quick::Dialog::setEdge(const Plasma::Types::Location&)’:
/home/sam/Documents/dev/latte-dock/declarativeimports/core/dialog.cpp:49:5: error: ‘emit’ was not declared in this scope; did you mean ‘exit’?
   49 |     emit edgeChanged();
      |     ^~~~
      |     exit
/home/sam/Documents/dev/latte-dock/containment/plugin/layoutmanager.cpp: In member function ‘QList<int> Latte::Containment::LayoutManager::toIntList(const QString&)’:
/home/sam/Documents/dev/latte-dock/containment/plugin/layoutmanager.cpp:1535:42: error: use of deleted function ‘QString::QString(const char*)’
 1535 |     QStringList items = serialized.split(";");
      |                                          ^~~
/usr/include/qt6/QtCore/qstring.h:1104:5: note: declared here
 1104 |     QString(const char *ch) QSTRING_DECL_DELETED_ASCII_OP;
      |     ^~~~~~~
/home/sam/Documents/dev/latte-dock/containment/plugin/layoutmanager.cpp:1535:42: note: use ‘-fdiagnostics-all-candidates’ to display considered candidates
 1535 |     QStringList items = serialized.split(";");
      |                                          ^~~
/home/sam/Documents/dev/latte-dock/declarativeimports/core/dialog.cpp: In member function ‘void Latte::Quick::Dialog::onVisualParentChanged()’:
/home/sam/Documents/dev/latte-dock/declarativeimports/core/dialog.cpp:82:99: error: cannot convert ‘QByteArray’ to ‘const char*’
   82 |     bool hassignal = (visualParent()->metaObject()->indexOfSignal(QMetaObject::normalizedSignature("anchoredTooltipPositionChanged()")) != -1);
      |                                                                   ~~~~~~~~~~~~~~~~~~~~~~~~~~~~~~~~^~~~~~~~~~~~~~~~~~~~~~~~~~~~~~~~~~~~
      |                                                                                                   |
      |                                                                                                   QByteArray
In file included from /usr/include/qt6/QtCore/qobject.h:10,
                 from /usr/include/qt6/QtCore/qabstracteventdispatcher.h:7,
                 from /usr/include/qt6/QtCore/qbasictimer.h:8,
                 from /usr/include/qt6/QtCore/qcoreevent.h:7,
                 from /usr/include/qt6/QtCore/QEvent:1,
                 from /home/sam/Documents/dev/latte-dock/declarativeimports/core/dialog.h:10,
                 from /home/sam/Documents/dev/latte-dock/declarativeimports/core/dialog.cpp:6:
/usr/include/qt6/QtCore/qobjectdefs.h:263:35: note: initializing argument 1 of ‘int QMetaObject::indexOfSignal(const char*) const’
  263 |     int indexOfSignal(const char *signal) const;
      |                       ~~~~~~~~~~~~^~~~~~
/home/sam/Documents/dev/latte-dock/containment/plugin/layoutmanager.cpp: In member function ‘QString Latte::Containment::LayoutManager::toStr(const QList<int>&)’:
/home/sam/Documents/dev/latte-dock/containment/plugin/layoutmanager.cpp:1554:25: error: use of deleted function ‘QString::QString(const char*)’
 1554 |     return strlist.join(";");
      |                         ^~~
/usr/include/qt6/QtCore/qstring.h:1104:5: note: declared here
 1104 |     QString(const char *ch) QSTRING_DECL_DELETED_ASCII_OP;
      |     ^~~~~~~
/home/sam/Documents/dev/latte-dock/containment/plugin/layoutmanager.cpp:1554:25: note: use ‘-fdiagnostics-all-candidates’ to display considered candidates
 1554 |     return strlist.join(";");
      |                         ^~~
make[2]: *** [app/CMakeFiles/latte-dock.dir/build.make:251: app/CMakeFiles/latte-dock.dir/data/activitydata.cpp.o] Error 1
make[2]: *** [declarativeimports/core/CMakeFiles/lattecoreplugin.dir/build.make:113: declarativeimports/core/CMakeFiles/lattecoreplugin.dir/dialog.cpp.o] Error 1
make[1]: *** [CMakeFiles/Makefile2:1219: declarativeimports/core/CMakeFiles/lattecoreplugin.dir/all] Error 2
/home/sam/Documents/dev/latte-dock/app/screenpool.cpp: In member function ‘void Latte::ScreenPool::onPrimaryOutputNameChanged(const QString&, const QString&)’:
/home/sam/Documents/dev/latte-dock/app/screenpool.cpp:103:5: error: ‘emit’ was not declared in this scope; did you mean ‘exit’?
  103 |     emit primaryScreenChanged(m_primaryWatcher->primaryScreen());
      |     ^~~~
      |     exit
make[2]: *** [containment/CMakeFiles/lattecontainmentplugin.dir/build.make:113: containment/CMakeFiles/lattecontainmentplugin.dir/plugin/layoutmanager.cpp.o] Error 1
make[2]: *** Waiting for unfinished jobs....
/home/sam/Documents/dev/latte-dock/app/screenpool.cpp: In member function ‘void Latte::ScreenPool::updateScreenGeometry(const int&, const QRect&)’:
/home/sam/Documents/dev/latte-dock/app/screenpool.cpp:140:5: error: ‘emit’ was not declared in this scope; did you mean ‘exit’?
  140 |     emit screenGeometryChanged();
      |     ^~~~
      |     exit
/home/sam/Documents/dev/latte-dock/app/screenpool.cpp: In member function ‘void Latte::ScreenPool::insertScreenMapping(const QString&)’:
/home/sam/Documents/dev/latte-dock/app/screenpool.cpp:216:72: error: use of deleted function ‘QString::QString(const char*)’
  216 |     if (m_screensTable.containsName(connector) || connector.startsWith(":")) {
      |                                                                        ^~~
In file included from /usr/include/qt6/QtCore/qhashfunctions.h:9,
                 from /usr/include/qt6/QtCore/qlist.h:11,
                 from /usr/include/qt6/QtCore/QList:1,
                 from /home/sam/Documents/dev/latte-dock/app/data/generictable.h:13,
                 from /home/sam/Documents/dev/latte-dock/app/data/genericdata.h:10,
                 from /home/sam/Documents/dev/latte-dock/app/data/screendata.h:10,
                 from /home/sam/Documents/dev/latte-dock/app/screenpool.h:11,
                 from /home/sam/Documents/dev/latte-dock/app/screenpool.cpp:7:
/usr/include/qt6/QtCore/qstring.h:1104:5: note: declared here
 1104 |     QString(const char *ch) QSTRING_DECL_DELETED_ASCII_OP;
      |     ^~~~~~~
/home/sam/Documents/dev/latte-dock/app/screenpool.cpp:216:72: note: use ‘-fdiagnostics-all-candidates’ to display considered candidates
  216 |     if (m_screensTable.containsName(connector) || connector.startsWith(":")) {
      |                                                                        ^~~
In file included from /usr/include/qt6/QtCore/qstring.h:1770:
/usr/include/qt6/QtCore/qstringbuilder.h: In instantiation of ‘static void QConcatenable<QStringBuilder< <template-parameter-1-1>, <template-parameter-1-2> > >::appendTo(const type&, T*&) [with T = QChar; A = QString&; B = const char (&)[13]; type = QStringBuilder<QString&, const char (&)[13]>]’:
/usr/include/qt6/QtCore/qstringbuilder.h:113:31:   required from ‘T QStringBuilder< <template-parameter-1-1>, <template-parameter-1-2> >::convertTo() const [with T = QString; A = QString&; B = const char (&)[13]]’
  113 |         Concatenable::appendTo(*this, d);
      |         ~~~~~~~~~~~~~~~~~~~~~~^~~~~~~~~~
/usr/include/qt6/QtCore/qstringbuilder.h:130:61:   required from ‘QStringBuilder< <template-parameter-1-1>, <template-parameter-1-2> >::operator ConvertTo() const [with A = QString&; B = const char (&)[13]; ConvertTo = QString]’
  130 |     operator ConvertTo() const { return convertTo<ConvertTo>(); }
      |                                         ~~~~~~~~~~~~~~~~~~~~^~
/home/sam/Documents/dev/latte-dock/app/screenpool.cpp:151:31:   required from here
  151 |     QFile rcfile(QString(path + "/lattedockrc"));
      |                          ~~~~~^~~~~~~~~~~~~~~~
/usr/include/qt6/QtCore/qstringbuilder.h:400:37: error: cannot convert ‘QChar*’ to ‘char*&’
  400 |         QConcatenableEx<B>::appendTo(p.b, out);
      |         ~~~~~~~~~~~~~~~~~~~~~~~~~~~~^~~~~~~~~~
/usr/include/qt6/QtCore/qstringbuilder.h:288:57: note: initializing argument 2 of ‘static void QConcatenable<const char [N]>::appendTo(const char*, char*&) [with long long int N = 13]’
  288 |     static inline void appendTo(const char a[N], char *&out)
      |                                                  ~~~~~~~^~~
make[2]: *** [app/CMakeFiles/latte-dock.dir/build.make:209: app/CMakeFiles/latte-dock.dir/screenpool.cpp.o] Error 1
make[1]: *** [CMakeFiles/Makefile2:1316: app/CMakeFiles/latte-dock.dir/all] Error 2
In file included from /usr/include/qt6/QtCore/qglobal.h:33,
                 from /usr/include/qt6/QtCore/qnamespace.h:12,
                 from /usr/include/qt6/QtCore/qobjectdefs.h:12,
                 from /usr/include/qt6/QtCore/qobject.h:10,
                 from /usr/include/qt6/QtCore/qplugin.h:12,
                 from /usr/include/qt6/QtQml/qqmlextensionplugin.h:7,
                 from /usr/include/qt6/QtQml/QQmlExtensionPlugin:1,
                 from /home/sam/Documents/dev/latte-dock/plasmoid/plugin/lattetasksplugin.h:10,
                 from /home/sam/Documents/dev/latte-dock/plasmoid/plugin/lattetasksplugin.cpp:6:
/home/sam/Documents/dev/latte-dock/plasmoid/plugin/lattetasksplugin.cpp: In member function ‘virtual void LatteTasksPlugin::registerTypes(const char*)’:
/home/sam/Documents/dev/latte-dock/plasmoid/plugin/lattetasksplugin.cpp:17:18: error: no match for ‘operator==’ (operand types are ‘const char*’ and ‘QLatin1String’)
   17 |     Q_ASSERT(uri == QLatin1String("org.kde.latte.private.tasks"));
      |              ~~~ ^~ ~~~~~~~~~~~~~~~~~~~~~~~~~~~~~~~~~~~~~~~~~~~~
      |              |      |
      |              |      QLatin1String
      |              const char*
/home/sam/Documents/dev/latte-dock/plasmoid/plugin/lattetasksplugin.cpp:17:18: note: there are 7 candidates
   17 |     Q_ASSERT(uri == QLatin1String("org.kde.latte.private.tasks"));
      |              ~~~~^~~~~~~~~~~~~~~~~~~~~~~~~~~~~~~~~~~~~~~~~~~~~~~
In file included from /usr/include/qt6/QtCore/qcborvalue.h:9,
                 from /usr/include/qt6/QtCore/qjsonvalue.h:8,
                 from /usr/include/qt6/QtCore/qjsonobject.h:8,
                 from /usr/include/qt6/QtCore/qplugin.h:14:
/usr/include/qt6/QtCore/qcborcommon.h:63:13: note: candidate 1: ‘bool operator==(QCborTag, QCborKnownTags)’
   63 | inline bool operator==(QCborTag t, QCborKnownTags kt)   { return quint64(t) == quint64(kt); }
      |             ^~~~~~~~
/usr/include/qt6/QtCore/qcborcommon.h:63:33: note: no known conversion for argument 1 from ‘const char*’ to ‘QCborTag’
   63 | inline bool operator==(QCborTag t, QCborKnownTags kt)   { return quint64(t) == quint64(kt); }
      |                        ~~~~~~~~~^
/usr/include/qt6/QtCore/qcborcommon.h:64:13: note: candidate 2: ‘bool operator==(QCborKnownTags, QCborTag)’
   64 | inline bool operator==(QCborKnownTags kt, QCborTag t)   { return quint64(t) == quint64(kt); }
      |             ^~~~~~~~
/usr/include/qt6/QtCore/qcborcommon.h:64:39: note: no known conversion for argument 1 from ‘const char*’ to ‘QCborKnownTags’
   64 | inline bool operator==(QCborKnownTags kt, QCborTag t)   { return quint64(t) == quint64(kt); }
      |                        ~~~~~~~~~~~~~~~^~
In file included from /usr/include/qt6/QtCore/qglobal.h:61:
/usr/include/qt6/QtCore/qlatin1stringview.h:300:5: note: candidate 3: ‘bool operator==(const QStringView&, const QLatin1StringView&)’
  300 |     Q_DECLARE_STRONGLY_ORDERED(QLatin1StringView, QStringView)
      |     ^~~~~~~~~~~~~~~~~~~~~~~~~~
/usr/include/qt6/QtCore/qlatin1stringview.h:300:5: note: no known conversion for argument 1 from ‘const char*’ to ‘const QStringView&’
  300 |     Q_DECLARE_STRONGLY_ORDERED(QLatin1StringView, QStringView)
      |     ^
/usr/include/qt6/QtCore/qlatin1stringview.h:300:5: note: candidate 4: ‘bool operator==(const QLatin1StringView&, const QStringView&)’
  300 |     Q_DECLARE_STRONGLY_ORDERED(QLatin1StringView, QStringView)
      |     ^~~~~~~~~~~~~~~~~~~~~~~~~~
/usr/include/qt6/QtCore/qlatin1stringview.h:300:5: note: no known conversion for argument 1 from ‘const char*’ to ‘const QLatin1StringView&’ {aka ‘const QLatin1String&’}
  300 |     Q_DECLARE_STRONGLY_ORDERED(QLatin1StringView, QStringView)
      |     ^
/usr/include/qt6/QtCore/qlatin1stringview.h:289:5: note: candidate 5: ‘bool operator==(const QChar&, const QLatin1StringView&)’
  289 |     Q_DECLARE_STRONGLY_ORDERED(QLatin1StringView, QChar)
      |     ^~~~~~~~~~~~~~~~~~~~~~~~~~
/usr/include/qt6/QtCore/qlatin1stringview.h:289:5: note: no known conversion for argument 1 from ‘const char*’ to ‘const QChar&’
  289 |     Q_DECLARE_STRONGLY_ORDERED(QLatin1StringView, QChar)
      |     ^
/usr/include/qt6/QtCore/qlatin1stringview.h:289:5: note: candidate 6: ‘bool operator==(const QLatin1StringView&, const QChar&)’
  289 |     Q_DECLARE_STRONGLY_ORDERED(QLatin1StringView, QChar)
      |     ^~~~~~~~~~~~~~~~~~~~~~~~~~
/usr/include/qt6/QtCore/qlatin1stringview.h:289:5: note: no known conversion for argument 1 from ‘const char*’ to ‘const QLatin1StringView&’ {aka ‘const QLatin1String&’}
  289 |     Q_DECLARE_STRONGLY_ORDERED(QLatin1StringView, QChar)
      |     ^
/usr/include/qt6/QtCore/qlatin1stringview.h:277:5: note: candidate 7: ‘bool operator==(const QLatin1StringView&, const QLatin1StringView&)’
  277 |     Q_DECLARE_STRONGLY_ORDERED(QLatin1StringView)
      |     ^~~~~~~~~~~~~~~~~~~~~~~~~~
/usr/include/qt6/QtCore/qlatin1stringview.h:277:5: note: no known conversion for argument 1 from ‘const char*’ to ‘const QLatin1StringView&’ {aka ‘const QLatin1String&’}
  277 |     Q_DECLARE_STRONGLY_ORDERED(QLatin1StringView)
      |     ^
/home/sam/Documents/dev/latte-dock/plasmoid/plugin/lattetasksplugin.cpp:18:73: error: use of deleted function ‘QString::QString(const char*)’
   18 |     qmlRegisterUncreatableType<Latte::Tasks::Types>(uri, 0, 1, "Types", "Latte Tasks Types uncreatable");
      |                                                                         ^~~~~~~~~~~~~~~~~~~~~~~~~~~~~~~
In file included from /usr/include/qt6/QtCore/qobject.h:11:
/usr/include/qt6/QtCore/qstring.h:1104:5: note: declared here
 1104 |     QString(const char *ch) QSTRING_DECL_DELETED_ASCII_OP;
      |     ^~~~~~~
/home/sam/Documents/dev/latte-dock/plasmoid/plugin/lattetasksplugin.cpp:18:73: note: use ‘-fdiagnostics-all-candidates’ to display considered candidates
   18 |     qmlRegisterUncreatableType<Latte::Tasks::Types>(uri, 0, 1, "Types", "Latte Tasks Types uncreatable");
      |                                                                         ^~~~~~~~~~~~~~~~~~~~~~~~~~~~~~~
/home/sam/Documents/dev/latte-dock/containmentactions/contextmenu/menu.cpp: In destructor ‘virtual Menu::~Menu()’:
/home/sam/Documents/dev/latte-dock/containmentactions/contextmenu/menu.cpp:63:48: error: use of deleted function ‘QString::QString(const char*)’
   63 |     m_actions.remove(Latte::Data::ContextMenu::ADDVIEWACTION);
      |                      ~~~~~~~~~~~~~~~~~~~~~~~~~~^~~~~~~~~~~~~
In file included from /usr/include/qt6/QtCore/qobject.h:11,
                 from /usr/include/qt6/QtCore/QObject:1,
                 from /home/sam/Documents/dev/latte-dock/containmentactions/contextmenu/menu.h:10,
                 from /home/sam/Documents/dev/latte-dock/containmentactions/contextmenu/menu.cpp:6:
/usr/include/qt6/QtCore/qstring.h:1104:5: note: declared here
 1104 |     QString(const char *ch) QSTRING_DECL_DELETED_ASCII_OP;
      |     ^~~~~~~
/home/sam/Documents/dev/latte-dock/containmentactions/contextmenu/menu.cpp:63:48: note: use ‘-fdiagnostics-all-candidates’ to display considered candidates
   63 |     m_actions.remove(Latte::Data::ContextMenu::ADDVIEWACTION);
      |                      ~~~~~~~~~~~~~~~~~~~~~~~~~~^~~~~~~~~~~~~
/home/sam/Documents/dev/latte-dock/containmentactions/contextmenu/menu.cpp:64:48: error: use of deleted function ‘QString::QString(const char*)’
   64 |     m_actions.remove(Latte::Data::ContextMenu::LAYOUTSACTION);
      |                      ~~~~~~~~~~~~~~~~~~~~~~~~~~^~~~~~~~~~~~~
/usr/include/qt6/QtCore/qstring.h:1104:5: note: declared here
 1104 |     QString(const char *ch) QSTRING_DECL_DELETED_ASCII_OP;
      |     ^~~~~~~
/home/sam/Documents/dev/latte-dock/containmentactions/contextmenu/menu.cpp:64:48: note: use ‘-fdiagnostics-all-candidates’ to display considered candidates
   64 |     m_actions.remove(Latte::Data::ContextMenu::LAYOUTSACTION);
      |                      ~~~~~~~~~~~~~~~~~~~~~~~~~~^~~~~~~~~~~~~
/home/sam/Documents/dev/latte-dock/containmentactions/contextmenu/menu.cpp: In member function ‘virtual void Menu::restore(const KConfigGroup&)’:
/home/sam/Documents/dev/latte-dock/containmentactions/contextmenu/menu.cpp:77:41: error: use of deleted function ‘QString::QString(const char*)’
   77 |     m_actions[Latte::Data::ContextMenu::SECTIONACTION] = new QAction(this);
      |               ~~~~~~~~~~~~~~~~~~~~~~~~~~^~~~~~~~~~~~~
/usr/include/qt6/QtCore/qstring.h:1104:5: note: declared here
 1104 |     QString(const char *ch) QSTRING_DECL_DELETED_ASCII_OP;
      |     ^~~~~~~
/home/sam/Documents/dev/latte-dock/containmentactions/contextmenu/menu.cpp:77:41: note: use ‘-fdiagnostics-all-candidates’ to display considered candidates
   77 |     m_actions[Latte::Data::ContextMenu::SECTIONACTION] = new QAction(this);
      |               ~~~~~~~~~~~~~~~~~~~~~~~~~~^~~~~~~~~~~~~
/home/sam/Documents/dev/latte-dock/containmentactions/contextmenu/menu.cpp:78:41: error: use of deleted function ‘QString::QString(const char*)’
   78 |     m_actions[Latte::Data::ContextMenu::SECTIONACTION]->setSeparator(true);
      |               ~~~~~~~~~~~~~~~~~~~~~~~~~~^~~~~~~~~~~~~
/usr/include/qt6/QtCore/qstring.h:1104:5: note: declared here
 1104 |     QString(const char *ch) QSTRING_DECL_DELETED_ASCII_OP;
      |     ^~~~~~~
/home/sam/Documents/dev/latte-dock/containmentactions/contextmenu/menu.cpp:78:41: note: use ‘-fdiagnostics-all-candidates’ to display considered candidates
   78 |     m_actions[Latte::Data::ContextMenu::SECTIONACTION]->setSeparator(true);
      |               ~~~~~~~~~~~~~~~~~~~~~~~~~~^~~~~~~~~~~~~
/home/sam/Documents/dev/latte-dock/containmentactions/contextmenu/menu.cpp:79:41: error: use of deleted function ‘QString::QString(const char*)’
   79 |     m_actions[Latte::Data::ContextMenu::SECTIONACTION]->setText("Latte");
      |               ~~~~~~~~~~~~~~~~~~~~~~~~~~^~~~~~~~~~~~~
/usr/include/qt6/QtCore/qstring.h:1104:5: note: declared here
 1104 |     QString(const char *ch) QSTRING_DECL_DELETED_ASCII_OP;
      |     ^~~~~~~
/home/sam/Documents/dev/latte-dock/containmentactions/contextmenu/menu.cpp:79:41: note: use ‘-fdiagnostics-all-candidates’ to display considered candidates
   79 |     m_actions[Latte::Data::ContextMenu::SECTIONACTION]->setText("Latte");
      |               ~~~~~~~~~~~~~~~~~~~~~~~~~~^~~~~~~~~~~~~
/home/sam/Documents/dev/latte-dock/containmentactions/contextmenu/menu.cpp:81:41: error: use of deleted function ‘QString::QString(const char*)’
   81 |     m_actions[Latte::Data::ContextMenu::SEPARATOR1ACTION] = new QAction(this);
      |               ~~~~~~~~~~~~~~~~~~~~~~~~~~^~~~~~~~~~~~~~~~
/usr/include/qt6/QtCore/qstring.h:1104:5: note: declared here
 1104 |     QString(const char *ch) QSTRING_DECL_DELETED_ASCII_OP;
      |     ^~~~~~~
/home/sam/Documents/dev/latte-dock/containmentactions/contextmenu/menu.cpp:81:41: note: use ‘-fdiagnostics-all-candidates’ to display considered candidates
   81 |     m_actions[Latte::Data::ContextMenu::SEPARATOR1ACTION] = new QAction(this);
      |               ~~~~~~~~~~~~~~~~~~~~~~~~~~^~~~~~~~~~~~~~~~
/home/sam/Documents/dev/latte-dock/containmentactions/contextmenu/menu.cpp:82:41: error: use of deleted function ‘QString::QString(const char*)’
   82 |     m_actions[Latte::Data::ContextMenu::SEPARATOR1ACTION]->setSeparator(true);
      |               ~~~~~~~~~~~~~~~~~~~~~~~~~~^~~~~~~~~~~~~~~~
/usr/include/qt6/QtCore/qstring.h:1104:5: note: declared here
 1104 |     QString(const char *ch) QSTRING_DECL_DELETED_ASCII_OP;
      |     ^~~~~~~
/home/sam/Documents/dev/latte-dock/containmentactions/contextmenu/menu.cpp:82:41: note: use ‘-fdiagnostics-all-candidates’ to display considered candidates
   82 |     m_actions[Latte::Data::ContextMenu::SEPARATOR1ACTION]->setSeparator(true);
      |               ~~~~~~~~~~~~~~~~~~~~~~~~~~^~~~~~~~~~~~~~~~
/home/sam/Documents/dev/latte-dock/containmentactions/contextmenu/menu.cpp:85:41: error: use of deleted function ‘QString::QString(const char*)’
   85 |     m_actions[Latte::Data::ContextMenu::PRINTACTION] = new QAction(QIcon::fromTheme(QStringLiteral("edit")), QStringLiteral("Print Message..."), this);
      |               ~~~~~~~~~~~~~~~~~~~~~~~~~~^~~~~~~~~~~
/usr/include/qt6/QtCore/qstring.h:1104:5: note: declared here
 1104 |     QString(const char *ch) QSTRING_DECL_DELETED_ASCII_OP;
      |     ^~~~~~~
/home/sam/Documents/dev/latte-dock/containmentactions/contextmenu/menu.cpp:85:41: note: use ‘-fdiagnostics-all-candidates’ to display considered candidates
   85 |     m_actions[Latte::Data::ContextMenu::PRINTACTION] = new QAction(QIcon::fromTheme(QStringLiteral("edit")), QStringLiteral("Print Message..."), this);
      |               ~~~~~~~~~~~~~~~~~~~~~~~~~~^~~~~~~~~~~
/home/sam/Documents/dev/latte-dock/containmentactions/contextmenu/menu.cpp:86:49: error: use of deleted function ‘QString::QString(const char*)’
   86 |     connect(m_actions[Latte::Data::ContextMenu::PRINTACTION], &QAction::triggered, [ = ]() {
      |                       ~~~~~~~~~~~~~~~~~~~~~~~~~~^~~~~~~~~~~
/usr/include/qt6/QtCore/qstring.h:1104:5: note: declared here
 1104 |     QString(const char *ch) QSTRING_DECL_DELETED_ASCII_OP;
      |     ^~~~~~~
/home/sam/Documents/dev/latte-dock/containmentactions/contextmenu/menu.cpp:86:49: note: use ‘-fdiagnostics-all-candidates’ to display considered candidates
   86 |     connect(m_actions[Latte::Data::ContextMenu::PRINTACTION], &QAction::triggered, [ = ]() {
      |                       ~~~~~~~~~~~~~~~~~~~~~~~~~~^~~~~~~~~~~
/home/sam/Documents/dev/latte-dock/containmentactions/contextmenu/menu.cpp:91:41: error: use of deleted function ‘QString::QString(const char*)’
   91 |     m_actions[Latte::Data::ContextMenu::ADDWIDGETSACTION] = new QAction(QIcon::fromTheme(QStringLiteral("list-add")), i18n("&Add Widgets..."), this);
      |               ~~~~~~~~~~~~~~~~~~~~~~~~~~^~~~~~~~~~~~~~~~
/usr/include/qt6/QtCore/qstring.h:1104:5: note: declared here
 1104 |     QString(const char *ch) QSTRING_DECL_DELETED_ASCII_OP;
      |     ^~~~~~~
/home/sam/Documents/dev/latte-dock/containmentactions/contextmenu/menu.cpp:91:41: note: use ‘-fdiagnostics-all-candidates’ to display considered candidates
   91 |     m_actions[Latte::Data::ContextMenu::ADDWIDGETSACTION] = new QAction(QIcon::fromTheme(QStringLiteral("list-add")), i18n("&Add Widgets..."), this);
      |               ~~~~~~~~~~~~~~~~~~~~~~~~~~^~~~~~~~~~~~~~~~
/home/sam/Documents/dev/latte-dock/containmentactions/contextmenu/menu.cpp:92:41: error: use of deleted function ‘QString::QString(const char*)’
   92 |     m_actions[Latte::Data::ContextMenu::ADDWIDGETSACTION]->setStatusTip(i18n("Show Widget Explorer"));
      |               ~~~~~~~~~~~~~~~~~~~~~~~~~~^~~~~~~~~~~~~~~~
/usr/include/qt6/QtCore/qstring.h:1104:5: note: declared here
 1104 |     QString(const char *ch) QSTRING_DECL_DELETED_ASCII_OP;
      |     ^~~~~~~
/home/sam/Documents/dev/latte-dock/containmentactions/contextmenu/menu.cpp:92:41: note: use ‘-fdiagnostics-all-candidates’ to display considered candidates
   92 |     m_actions[Latte::Data::ContextMenu::ADDWIDGETSACTION]->setStatusTip(i18n("Show Widget Explorer"));
      |               ~~~~~~~~~~~~~~~~~~~~~~~~~~^~~~~~~~~~~~~~~~
/home/sam/Documents/dev/latte-dock/containmentactions/contextmenu/menu.cpp:93:49: error: use of deleted function ‘QString::QString(const char*)’
   93 |     connect(m_actions[Latte::Data::ContextMenu::ADDWIDGETSACTION], &QAction::triggered, this, &Menu::requestWidgetExplorer);
      |                       ~~~~~~~~~~~~~~~~~~~~~~~~~~^~~~~~~~~~~~~~~~
/usr/include/qt6/QtCore/qstring.h:1104:5: note: declared here
 1104 |     QString(const char *ch) QSTRING_DECL_DELETED_ASCII_OP;
      |     ^~~~~~~
/home/sam/Documents/dev/latte-dock/containmentactions/contextmenu/menu.cpp:93:49: note: use ‘-fdiagnostics-all-candidates’ to display considered candidates
   93 |     connect(m_actions[Latte::Data::ContextMenu::ADDWIDGETSACTION], &QAction::triggered, this, &Menu::requestWidgetExplorer);
      |                       ~~~~~~~~~~~~~~~~~~~~~~~~~~^~~~~~~~~~~~~~~~
/home/sam/Documents/dev/latte-dock/containmentactions/contextmenu/menu.cpp:104:41: error: use of deleted function ‘QString::QString(const char*)’
  104 |     m_actions[Latte::Data::ContextMenu::EDITVIEWACTION] = new QAction(QIcon::fromTheme(QStringLiteral("document-edit")), QStringLiteral("Edit Dock..."), this);
      |               ~~~~~~~~~~~~~~~~~~~~~~~~~~^~~~~~~~~~~~~~
/usr/include/qt6/QtCore/qstring.h:1104:5: note: declared here
 1104 |     QString(const char *ch) QSTRING_DECL_DELETED_ASCII_OP;
      |     ^~~~~~~
/home/sam/Documents/dev/latte-dock/containmentactions/contextmenu/menu.cpp:104:41: note: use ‘-fdiagnostics-all-candidates’ to display considered candidates
  104 |     m_actions[Latte::Data::ContextMenu::EDITVIEWACTION] = new QAction(QIcon::fromTheme(QStringLiteral("document-edit")), QStringLiteral("Edit Dock..."), this);
      |               ~~~~~~~~~~~~~~~~~~~~~~~~~~^~~~~~~~~~~~~~
/home/sam/Documents/dev/latte-dock/containmentactions/contextmenu/menu.cpp:105:49: error: use of deleted function ‘QString::QString(const char*)’
  105 |     connect(m_actions[Latte::Data::ContextMenu::EDITVIEWACTION], &QAction::triggered, this, &Menu::requestConfiguration);
      |                       ~~~~~~~~~~~~~~~~~~~~~~~~~~^~~~~~~~~~~~~~
/usr/include/qt6/QtCore/qstring.h:1104:5: note: declared here
 1104 |     QString(const char *ch) QSTRING_DECL_DELETED_ASCII_OP;
      |     ^~~~~~~
/home/sam/Documents/dev/latte-dock/containmentactions/contextmenu/menu.cpp:105:49: note: use ‘-fdiagnostics-all-candidates’ to display considered candidates
  105 |     connect(m_actions[Latte::Data::ContextMenu::EDITVIEWACTION], &QAction::triggered, this, &Menu::requestConfiguration);
      |                       ~~~~~~~~~~~~~~~~~~~~~~~~~~^~~~~~~~~~~~~~
/home/sam/Documents/dev/latte-dock/containmentactions/contextmenu/menu.cpp:109:41: error: use of deleted function ‘QString::QString(const char*)’
  109 |     m_actions[Latte::Data::ContextMenu::QUITLATTEACTION] = new QAction(QIcon::fromTheme(QStringLiteral("application-exit")), i18nc("quit application", "Quit &Latte"));
      |               ~~~~~~~~~~~~~~~~~~~~~~~~~~^~~~~~~~~~~~~~~
/usr/include/qt6/QtCore/qstring.h:1104:5: note: declared here
 1104 |     QString(const char *ch) QSTRING_DECL_DELETED_ASCII_OP;
      |     ^~~~~~~
/home/sam/Documents/dev/latte-dock/containmentactions/contextmenu/menu.cpp:109:41: note: use ‘-fdiagnostics-all-candidates’ to display considered candidates
  109 |     m_actions[Latte::Data::ContextMenu::QUITLATTEACTION] = new QAction(QIcon::fromTheme(QStringLiteral("application-exit")), i18nc("quit application", "Quit &Latte"));
      |               ~~~~~~~~~~~~~~~~~~~~~~~~~~^~~~~~~~~~~~~~~
/home/sam/Documents/dev/latte-dock/containmentactions/contextmenu/menu.cpp:110:49: error: use of deleted function ‘QString::QString(const char*)’
  110 |     connect(m_actions[Latte::Data::ContextMenu::QUITLATTEACTION], &QAction::triggered, this, &Menu::quitApplication);
      |                       ~~~~~~~~~~~~~~~~~~~~~~~~~~^~~~~~~~~~~~~~~
/usr/include/qt6/QtCore/qstring.h:1104:5: note: declared here
 1104 |     QString(const char *ch) QSTRING_DECL_DELETED_ASCII_OP;
      |     ^~~~~~~
/home/sam/Documents/dev/latte-dock/containmentactions/contextmenu/menu.cpp:110:49: note: use ‘-fdiagnostics-all-candidates’ to display considered candidates
  110 |     connect(m_actions[Latte::Data::ContextMenu::QUITLATTEACTION], &QAction::triggered, this, &Menu::quitApplication);
      |                       ~~~~~~~~~~~~~~~~~~~~~~~~~~^~~~~~~~~~~~~~~
/home/sam/Documents/dev/latte-dock/containmentactions/contextmenu/menu.cpp:114:41: error: use of deleted function ‘QString::QString(const char*)’
  114 |     m_actions[Latte::Data::ContextMenu::LAYOUTSACTION] = m_switchLayoutsMenu->menuAction();
      |               ~~~~~~~~~~~~~~~~~~~~~~~~~~^~~~~~~~~~~~~
/usr/include/qt6/QtCore/qstring.h:1104:5: note: declared here
 1104 |     QString(const char *ch) QSTRING_DECL_DELETED_ASCII_OP;
      |     ^~~~~~~
/home/sam/Documents/dev/latte-dock/containmentactions/contextmenu/menu.cpp:114:41: note: use ‘-fdiagnostics-all-candidates’ to display considered candidates
  114 |     m_actions[Latte::Data::ContextMenu::LAYOUTSACTION] = m_switchLayoutsMenu->menuAction();
      |               ~~~~~~~~~~~~~~~~~~~~~~~~~~^~~~~~~~~~~~~
/home/sam/Documents/dev/latte-dock/containmentactions/contextmenu/menu.cpp:115:41: error: use of deleted function ‘QString::QString(const char*)’
  115 |     m_actions[Latte::Data::ContextMenu::LAYOUTSACTION]->setText(i18n("&Layouts"));
      |               ~~~~~~~~~~~~~~~~~~~~~~~~~~^~~~~~~~~~~~~
/usr/include/qt6/QtCore/qstring.h:1104:5: note: declared here
 1104 |     QString(const char *ch) QSTRING_DECL_DELETED_ASCII_OP;
      |     ^~~~~~~
/home/sam/Documents/dev/latte-dock/containmentactions/contextmenu/menu.cpp:115:41: note: use ‘-fdiagnostics-all-candidates’ to display considered candidates
  115 |     m_actions[Latte::Data::ContextMenu::LAYOUTSACTION]->setText(i18n("&Layouts"));
      |               ~~~~~~~~~~~~~~~~~~~~~~~~~~^~~~~~~~~~~~~
/home/sam/Documents/dev/latte-dock/containmentactions/contextmenu/menu.cpp:116:41: error: use of deleted function ‘QString::QString(const char*)’
  116 |     m_actions[Latte::Data::ContextMenu::LAYOUTSACTION]->setIcon(QIcon::fromTheme(QStringLiteral("user-identity")));
      |               ~~~~~~~~~~~~~~~~~~~~~~~~~~^~~~~~~~~~~~~
/usr/include/qt6/QtCore/qstring.h:1104:5: note: declared here
 1104 |     QString(const char *ch) QSTRING_DECL_DELETED_ASCII_OP;
      |     ^~~~~~~
/home/sam/Documents/dev/latte-dock/containmentactions/contextmenu/menu.cpp:116:41: note: use ‘-fdiagnostics-all-candidates’ to display considered candidates
  116 |     m_actions[Latte::Data::ContextMenu::LAYOUTSACTION]->setIcon(QIcon::fromTheme(QStringLiteral("user-identity")));
      |               ~~~~~~~~~~~~~~~~~~~~~~~~~~^~~~~~~~~~~~~
/home/sam/Documents/dev/latte-dock/containmentactions/contextmenu/menu.cpp:117:41: error: use of deleted function ‘QString::QString(const char*)’
  117 |     m_actions[Latte::Data::ContextMenu::LAYOUTSACTION]->setStatusTip(i18n("Switch to another layout"));
      |               ~~~~~~~~~~~~~~~~~~~~~~~~~~^~~~~~~~~~~~~
/usr/include/qt6/QtCore/qstring.h:1104:5: note: declared here
 1104 |     QString(const char *ch) QSTRING_DECL_DELETED_ASCII_OP;
      |     ^~~~~~~
/home/sam/Documents/dev/latte-dock/containmentactions/contextmenu/menu.cpp:117:41: note: use ‘-fdiagnostics-all-candidates’ to display considered candidates
  117 |     m_actions[Latte::Data::ContextMenu::LAYOUTSACTION]->setStatusTip(i18n("Switch to another layout"));
      |               ~~~~~~~~~~~~~~~~~~~~~~~~~~^~~~~~~~~~~~~
/home/sam/Documents/dev/latte-dock/containmentactions/contextmenu/menu.cpp:124:41: error: use of deleted function ‘QString::QString(const char*)’
  124 |     m_actions[Latte::Data::ContextMenu::ADDVIEWACTION] = m_addViewMenu->menuAction();
      |               ~~~~~~~~~~~~~~~~~~~~~~~~~~^~~~~~~~~~~~~
/usr/include/qt6/QtCore/qstring.h:1104:5: note: declared here
 1104 |     QString(const char *ch) QSTRING_DECL_DELETED_ASCII_OP;
      |     ^~~~~~~
/home/sam/Documents/dev/latte-dock/containmentactions/contextmenu/menu.cpp:124:41: note: use ‘-fdiagnostics-all-candidates’ to display considered candidates
  124 |     m_actions[Latte::Data::ContextMenu::ADDVIEWACTION] = m_addViewMenu->menuAction();
      |               ~~~~~~~~~~~~~~~~~~~~~~~~~~^~~~~~~~~~~~~
/home/sam/Documents/dev/latte-dock/containmentactions/contextmenu/menu.cpp:125:41: error: use of deleted function ‘QString::QString(const char*)’
  125 |     m_actions[Latte::Data::ContextMenu::ADDVIEWACTION]->setText(i18n("&Add Dock/Panel"));
      |               ~~~~~~~~~~~~~~~~~~~~~~~~~~^~~~~~~~~~~~~
/usr/include/qt6/QtCore/qstring.h:1104:5: note: declared here
 1104 |     QString(const char *ch) QSTRING_DECL_DELETED_ASCII_OP;
      |     ^~~~~~~
/home/sam/Documents/dev/latte-dock/containmentactions/contextmenu/menu.cpp:125:41: note: use ‘-fdiagnostics-all-candidates’ to display considered candidates
  125 |     m_actions[Latte::Data::ContextMenu::ADDVIEWACTION]->setText(i18n("&Add Dock/Panel"));
      |               ~~~~~~~~~~~~~~~~~~~~~~~~~~^~~~~~~~~~~~~
/home/sam/Documents/dev/latte-dock/containmentactions/contextmenu/menu.cpp:126:41: error: use of deleted function ‘QString::QString(const char*)’
  126 |     m_actions[Latte::Data::ContextMenu::ADDVIEWACTION]->setIcon(QIcon::fromTheme(QStringLiteral("list-add")));
      |               ~~~~~~~~~~~~~~~~~~~~~~~~~~^~~~~~~~~~~~~
/usr/include/qt6/QtCore/qstring.h:1104:5: note: declared here
 1104 |     QString(const char *ch) QSTRING_DECL_DELETED_ASCII_OP;
      |     ^~~~~~~
/home/sam/Documents/dev/latte-dock/containmentactions/contextmenu/menu.cpp:126:41: note: use ‘-fdiagnostics-all-candidates’ to display considered candidates
  126 |     m_actions[Latte::Data::ContextMenu::ADDVIEWACTION]->setIcon(QIcon::fromTheme(QStringLiteral("list-add")));
      |               ~~~~~~~~~~~~~~~~~~~~~~~~~~^~~~~~~~~~~~~
/home/sam/Documents/dev/latte-dock/containmentactions/contextmenu/menu.cpp:127:41: error: use of deleted function ‘QString::QString(const char*)’
  127 |     m_actions[Latte::Data::ContextMenu::ADDVIEWACTION]->setStatusTip(i18n("Add dock or panel based on specific template"));
      |               ~~~~~~~~~~~~~~~~~~~~~~~~~~^~~~~~~~~~~~~
/usr/include/qt6/QtCore/qstring.h:1104:5: note: declared here
 1104 |     QString(const char *ch) QSTRING_DECL_DELETED_ASCII_OP;
      |     ^~~~~~~
/home/sam/Documents/dev/latte-dock/containmentactions/contextmenu/menu.cpp:127:41: note: use ‘-fdiagnostics-all-candidates’ to display considered candidates
  127 |     m_actions[Latte::Data::ContextMenu::ADDVIEWACTION]->setStatusTip(i18n("Add dock or panel based on specific template"));
      |               ~~~~~~~~~~~~~~~~~~~~~~~~~~^~~~~~~~~~~~~
/home/sam/Documents/dev/latte-dock/containmentactions/contextmenu/menu.cpp:134:41: error: use of deleted function ‘QString::QString(const char*)’
  134 |     m_actions[Latte::Data::ContextMenu::MOVEVIEWACTION] = m_moveToLayoutMenu->menuAction();
      |               ~~~~~~~~~~~~~~~~~~~~~~~~~~^~~~~~~~~~~~~~
/usr/include/qt6/QtCore/qstring.h:1104:5: note: declared here
 1104 |     QString(const char *ch) QSTRING_DECL_DELETED_ASCII_OP;
      |     ^~~~~~~
/home/sam/Documents/dev/latte-dock/containmentactions/contextmenu/menu.cpp:134:41: note: use ‘-fdiagnostics-all-candidates’ to display considered candidates
  134 |     m_actions[Latte::Data::ContextMenu::MOVEVIEWACTION] = m_moveToLayoutMenu->menuAction();
      |               ~~~~~~~~~~~~~~~~~~~~~~~~~~^~~~~~~~~~~~~~
/home/sam/Documents/dev/latte-dock/containmentactions/contextmenu/menu.cpp:135:41: error: use of deleted function ‘QString::QString(const char*)’
  135 |     m_actions[Latte::Data::ContextMenu::MOVEVIEWACTION]->setText("Move To Layout");
      |               ~~~~~~~~~~~~~~~~~~~~~~~~~~^~~~~~~~~~~~~~
/usr/include/qt6/QtCore/qstring.h:1104:5: note: declared here
 1104 |     QString(const char *ch) QSTRING_DECL_DELETED_ASCII_OP;
      |     ^~~~~~~
/home/sam/Documents/dev/latte-dock/containmentactions/contextmenu/menu.cpp:135:41: note: use ‘-fdiagnostics-all-candidates’ to display considered candidates
  135 |     m_actions[Latte::Data::ContextMenu::MOVEVIEWACTION]->setText("Move To Layout");
      |               ~~~~~~~~~~~~~~~~~~~~~~~~~~^~~~~~~~~~~~~~
/home/sam/Documents/dev/latte-dock/containmentactions/contextmenu/menu.cpp:136:41: error: use of deleted function ‘QString::QString(const char*)’
  136 |     m_actions[Latte::Data::ContextMenu::MOVEVIEWACTION]->setIcon(QIcon::fromTheme(QStringLiteral("transform-move-horizontal")));
      |               ~~~~~~~~~~~~~~~~~~~~~~~~~~^~~~~~~~~~~~~~
/usr/include/qt6/QtCore/qstring.h:1104:5: note: declared here
 1104 |     QString(const char *ch) QSTRING_DECL_DELETED_ASCII_OP;
      |     ^~~~~~~
/home/sam/Documents/dev/latte-dock/containmentactions/contextmenu/menu.cpp:136:41: note: use ‘-fdiagnostics-all-candidates’ to display considered candidates
  136 |     m_actions[Latte::Data::ContextMenu::MOVEVIEWACTION]->setIcon(QIcon::fromTheme(QStringLiteral("transform-move-horizontal")));
      |               ~~~~~~~~~~~~~~~~~~~~~~~~~~^~~~~~~~~~~~~~
/home/sam/Documents/dev/latte-dock/containmentactions/contextmenu/menu.cpp:137:41: error: use of deleted function ‘QString::QString(const char*)’
  137 |     m_actions[Latte::Data::ContextMenu::MOVEVIEWACTION]->setStatusTip(i18n("Move dock or panel to different layout"));
      |               ~~~~~~~~~~~~~~~~~~~~~~~~~~^~~~~~~~~~~~~~
/usr/include/qt6/QtCore/qstring.h:1104:5: note: declared here
 1104 |     QString(const char *ch) QSTRING_DECL_DELETED_ASCII_OP;
      |     ^~~~~~~
/home/sam/Documents/dev/latte-dock/containmentactions/contextmenu/menu.cpp:137:41: note: use ‘-fdiagnostics-all-candidates’ to display considered candidates
  137 |     m_actions[Latte::Data::ContextMenu::MOVEVIEWACTION]->setStatusTip(i18n("Move dock or panel to different layout"));
      |               ~~~~~~~~~~~~~~~~~~~~~~~~~~^~~~~~~~~~~~~~
make[2]: *** [plasmoid/CMakeFiles/lattetasksplugin.dir/build.make:113: plasmoid/CMakeFiles/lattetasksplugin.dir/plugin/lattetasksplugin.cpp.o] Error 1
make[1]: *** [CMakeFiles/Makefile2:1736: plasmoid/CMakeFiles/lattetasksplugin.dir/all] Error 2
/home/sam/Documents/dev/latte-dock/containmentactions/contextmenu/menu.cpp:143:41: error: use of deleted function ‘QString::QString(const char*)’
  143 |     m_actions[Latte::Data::ContextMenu::PREFERENCESACTION] = new QAction(QIcon::fromTheme(QStringLiteral("configure")), i18nc("global settings window", "&Configure Latte..."), this);
      |               ~~~~~~~~~~~~~~~~~~~~~~~~~~^~~~~~~~~~~~~~~~~
/usr/include/qt6/QtCore/qstring.h:1104:5: note: declared here
 1104 |     QString(const char *ch) QSTRING_DECL_DELETED_ASCII_OP;
      |     ^~~~~~~
/home/sam/Documents/dev/latte-dock/containmentactions/contextmenu/menu.cpp:143:41: note: use ‘-fdiagnostics-all-candidates’ to display considered candidates
  143 |     m_actions[Latte::Data::ContextMenu::PREFERENCESACTION] = new QAction(QIcon::fromTheme(QStringLiteral("configure")), i18nc("global settings window", "&Configure Latte..."), this);
      |               ~~~~~~~~~~~~~~~~~~~~~~~~~~^~~~~~~~~~~~~~~~~
/home/sam/Documents/dev/latte-dock/containmentactions/contextmenu/menu.cpp:144:49: error: use of deleted function ‘QString::QString(const char*)’
  144 |     connect(m_actions[Latte::Data::ContextMenu::PREFERENCESACTION], &QAction::triggered, [=](){
      |                       ~~~~~~~~~~~~~~~~~~~~~~~~~~^~~~~~~~~~~~~~~~~
/usr/include/qt6/QtCore/qstring.h:1104:5: note: declared here
 1104 |     QString(const char *ch) QSTRING_DECL_DELETED_ASCII_OP;
      |     ^~~~~~~
/home/sam/Documents/dev/latte-dock/containmentactions/contextmenu/menu.cpp:144:49: note: use ‘-fdiagnostics-all-candidates’ to display considered candidates
  144 |     connect(m_actions[Latte::Data::ContextMenu::PREFERENCESACTION], &QAction::triggered, [=](){
      |                       ~~~~~~~~~~~~~~~~~~~~~~~~~~^~~~~~~~~~~~~~~~~
/home/sam/Documents/dev/latte-dock/containmentactions/contextmenu/menu.cpp:153:41: error: use of deleted function ‘QString::QString(const char*)’
  153 |     m_actions[Latte::Data::ContextMenu::DUPLICATEVIEWACTION] = new QAction(QIcon::fromTheme(QStringLiteral("edit-copy")), QStringLiteral("Duplicate Dock as Template"), this);
      |               ~~~~~~~~~~~~~~~~~~~~~~~~~~^~~~~~~~~~~~~~~~~~~
/usr/include/qt6/QtCore/qstring.h:1104:5: note: declared here
 1104 |     QString(const char *ch) QSTRING_DECL_DELETED_ASCII_OP;
      |     ^~~~~~~
/home/sam/Documents/dev/latte-dock/containmentactions/contextmenu/menu.cpp:153:41: note: use ‘-fdiagnostics-all-candidates’ to display considered candidates
  153 |     m_actions[Latte::Data::ContextMenu::DUPLICATEVIEWACTION] = new QAction(QIcon::fromTheme(QStringLiteral("edit-copy")), QStringLiteral("Duplicate Dock as Template"), this);
      |               ~~~~~~~~~~~~~~~~~~~~~~~~~~^~~~~~~~~~~~~~~~~~~
/home/sam/Documents/dev/latte-dock/containmentactions/contextmenu/menu.cpp:154:49: error: use of deleted function ‘QString::QString(const char*)’
  154 |     connect(m_actions[Latte::Data::ContextMenu::DUPLICATEVIEWACTION], &QAction::triggered, [=](){
      |                       ~~~~~~~~~~~~~~~~~~~~~~~~~~^~~~~~~~~~~~~~~~~~~
/usr/include/qt6/QtCore/qstring.h:1104:5: note: declared here
 1104 |     QString(const char *ch) QSTRING_DECL_DELETED_ASCII_OP;
      |     ^~~~~~~
/home/sam/Documents/dev/latte-dock/containmentactions/contextmenu/menu.cpp:154:49: note: use ‘-fdiagnostics-all-candidates’ to display considered candidates
  154 |     connect(m_actions[Latte::Data::ContextMenu::DUPLICATEVIEWACTION], &QAction::triggered, [=](){
      |                       ~~~~~~~~~~~~~~~~~~~~~~~~~~^~~~~~~~~~~~~~~~~~~
/home/sam/Documents/dev/latte-dock/containmentactions/contextmenu/menu.cpp:163:41: error: use of deleted function ‘QString::QString(const char*)’
  163 |     m_actions[Latte::Data::ContextMenu::EXPORTVIEWTEMPLATEACTION] = new QAction(QIcon::fromTheme(QStringLiteral("document-export")), QStringLiteral("Export as Template..."), this);
      |               ~~~~~~~~~~~~~~~~~~~~~~~~~~^~~~~~~~~~~~~~~~~~~~~~~~
/usr/include/qt6/QtCore/qstring.h:1104:5: note: declared here
 1104 |     QString(const char *ch) QSTRING_DECL_DELETED_ASCII_OP;
      |     ^~~~~~~
/home/sam/Documents/dev/latte-dock/containmentactions/contextmenu/menu.cpp:163:41: note: use ‘-fdiagnostics-all-candidates’ to display considered candidates
  163 |     m_actions[Latte::Data::ContextMenu::EXPORTVIEWTEMPLATEACTION] = new QAction(QIcon::fromTheme(QStringLiteral("document-export")), QStringLiteral("Export as Template..."), this);
      |               ~~~~~~~~~~~~~~~~~~~~~~~~~~^~~~~~~~~~~~~~~~~~~~~~~~
/home/sam/Documents/dev/latte-dock/containmentactions/contextmenu/menu.cpp:164:49: error: use of deleted function ‘QString::QString(const char*)’
  164 |     connect(m_actions[Latte::Data::ContextMenu::EXPORTVIEWTEMPLATEACTION], &QAction::triggered, [=](){
      |                       ~~~~~~~~~~~~~~~~~~~~~~~~~~^~~~~~~~~~~~~~~~~~~~~~~~
/usr/include/qt6/QtCore/qstring.h:1104:5: note: declared here
 1104 |     QString(const char *ch) QSTRING_DECL_DELETED_ASCII_OP;
      |     ^~~~~~~
/home/sam/Documents/dev/latte-dock/containmentactions/contextmenu/menu.cpp:164:49: note: use ‘-fdiagnostics-all-candidates’ to display considered candidates
  164 |     connect(m_actions[Latte::Data::ContextMenu::EXPORTVIEWTEMPLATEACTION], &QAction::triggered, [=](){
      |                       ~~~~~~~~~~~~~~~~~~~~~~~~~~^~~~~~~~~~~~~~~~~~~~~~~~
/home/sam/Documents/dev/latte-dock/containmentactions/contextmenu/menu.cpp:173:41: error: use of deleted function ‘QString::QString(const char*)’
  173 |     m_actions[Latte::Data::ContextMenu::REMOVEVIEWACTION] = new QAction(QIcon::fromTheme(QStringLiteral("delete")), QStringLiteral("Remove Dock"), this);
      |               ~~~~~~~~~~~~~~~~~~~~~~~~~~^~~~~~~~~~~~~~~~
/usr/include/qt6/QtCore/qstring.h:1104:5: note: declared here
 1104 |     QString(const char *ch) QSTRING_DECL_DELETED_ASCII_OP;
      |     ^~~~~~~
/home/sam/Documents/dev/latte-dock/containmentactions/contextmenu/menu.cpp:173:41: note: use ‘-fdiagnostics-all-candidates’ to display considered candidates
  173 |     m_actions[Latte::Data::ContextMenu::REMOVEVIEWACTION] = new QAction(QIcon::fromTheme(QStringLiteral("delete")), QStringLiteral("Remove Dock"), this);
      |               ~~~~~~~~~~~~~~~~~~~~~~~~~~^~~~~~~~~~~~~~~~
/home/sam/Documents/dev/latte-dock/containmentactions/contextmenu/menu.cpp:174:49: error: use of deleted function ‘QString::QString(const char*)’
  174 |     connect(m_actions[Latte::Data::ContextMenu::REMOVEVIEWACTION], &QAction::triggered, [=](){
      |                       ~~~~~~~~~~~~~~~~~~~~~~~~~~^~~~~~~~~~~~~~~~
/usr/include/qt6/QtCore/qstring.h:1104:5: note: declared here
 1104 |     QString(const char *ch) QSTRING_DECL_DELETED_ASCII_OP;
      |     ^~~~~~~
/home/sam/Documents/dev/latte-dock/containmentactions/contextmenu/menu.cpp:174:49: note: use ‘-fdiagnostics-all-candidates’ to display considered candidates
  174 |     connect(m_actions[Latte::Data::ContextMenu::REMOVEVIEWACTION], &QAction::triggered, [=](){
      |                       ~~~~~~~~~~~~~~~~~~~~~~~~~~^~~~~~~~~~~~~~~~
/home/sam/Documents/dev/latte-dock/containmentactions/contextmenu/menu.cpp: In member function ‘void Menu::requestConfiguration()’:
/home/sam/Documents/dev/latte-dock/containmentactions/contextmenu/menu.cpp:191:9: error: ‘emit’ was not declared in this scope; did you mean ‘exit’?
  191 |         emit this->containment()->configureRequested(containment());
      |         ^~~~
      |         exit
/home/sam/Documents/dev/latte-dock/containmentactions/contextmenu/menu.cpp: In member function ‘void Menu::requestWidgetExplorer()’:
/home/sam/Documents/dev/latte-dock/containmentactions/contextmenu/menu.cpp:198:9: error: ‘emit’ was not declared in this scope; did you mean ‘exit’?
  198 |         emit this->containment()->showAddWidgetsInterface(QPointF());
      |         ^~~~
      |         exit
/home/sam/Documents/dev/latte-dock/containmentactions/contextmenu/menu.cpp: In member function ‘virtual QList<QAction*> Menu::contextualActions()’:
/home/sam/Documents/dev/latte-dock/containmentactions/contextmenu/menu.cpp:206:52: error: use of deleted function ‘QString::QString(const char*)’
  206 |     actions << m_actions[Latte::Data::ContextMenu::SECTIONACTION];
      |                          ~~~~~~~~~~~~~~~~~~~~~~~~~~^~~~~~~~~~~~~
/usr/include/qt6/QtCore/qstring.h:1104:5: note: declared here
 1104 |     QString(const char *ch) QSTRING_DECL_DELETED_ASCII_OP;
      |     ^~~~~~~
/home/sam/Documents/dev/latte-dock/containmentactions/contextmenu/menu.cpp:206:52: note: use ‘-fdiagnostics-all-candidates’ to display considered candidates
  206 |     actions << m_actions[Latte::Data::ContextMenu::SECTIONACTION];
      |                          ~~~~~~~~~~~~~~~~~~~~~~~~~~^~~~~~~~~~~~~
/home/sam/Documents/dev/latte-dock/containmentactions/contextmenu/menu.cpp:207:52: error: use of deleted function ‘QString::QString(const char*)’
  207 |     actions << m_actions[Latte::Data::ContextMenu::PRINTACTION];
      |                          ~~~~~~~~~~~~~~~~~~~~~~~~~~^~~~~~~~~~~
/usr/include/qt6/QtCore/qstring.h:1104:5: note: declared here
 1104 |     QString(const char *ch) QSTRING_DECL_DELETED_ASCII_OP;
      |     ^~~~~~~
/home/sam/Documents/dev/latte-dock/containmentactions/contextmenu/menu.cpp:207:52: note: use ‘-fdiagnostics-all-candidates’ to display considered candidates
  207 |     actions << m_actions[Latte::Data::ContextMenu::PRINTACTION];
      |                          ~~~~~~~~~~~~~~~~~~~~~~~~~~^~~~~~~~~~~
/home/sam/Documents/dev/latte-dock/containmentactions/contextmenu/menu.cpp:211:52: error: use of deleted function ‘QString::QString(const char*)’
  211 |     actions << m_actions[Latte::Data::ContextMenu::EDITVIEWACTION];
      |                          ~~~~~~~~~~~~~~~~~~~~~~~~~~^~~~~~~~~~~~~~
/usr/include/qt6/QtCore/qstring.h:1104:5: note: declared here
 1104 |     QString(const char *ch) QSTRING_DECL_DELETED_ASCII_OP;
      |     ^~~~~~~
/home/sam/Documents/dev/latte-dock/containmentactions/contextmenu/menu.cpp:211:52: note: use ‘-fdiagnostics-all-candidates’ to display considered candidates
  211 |     actions << m_actions[Latte::Data::ContextMenu::EDITVIEWACTION];
      |                          ~~~~~~~~~~~~~~~~~~~~~~~~~~^~~~~~~~~~~~~~
/home/sam/Documents/dev/latte-dock/containmentactions/contextmenu/menu.cpp:233:41: error: use of deleted function ‘QString::QString(const char*)’
  233 |     m_actions[Latte::Data::ContextMenu::EDITVIEWACTION]->setText(configureActionText);
      |               ~~~~~~~~~~~~~~~~~~~~~~~~~~^~~~~~~~~~~~~~
/usr/include/qt6/QtCore/qstring.h:1104:5: note: declared here
 1104 |     QString(const char *ch) QSTRING_DECL_DELETED_ASCII_OP;
      |     ^~~~~~~
/home/sam/Documents/dev/latte-dock/containmentactions/contextmenu/menu.cpp:233:41: note: use ‘-fdiagnostics-all-candidates’ to display considered candidates
  233 |     m_actions[Latte::Data::ContextMenu::EDITVIEWACTION]->setText(configureActionText);
      |               ~~~~~~~~~~~~~~~~~~~~~~~~~~^~~~~~~~~~~~~~
/home/sam/Documents/dev/latte-dock/containmentactions/contextmenu/menu.cpp:236:41: error: use of deleted function ‘QString::QString(const char*)’
  236 |     m_actions[Latte::Data::ContextMenu::DUPLICATEVIEWACTION]->setText(duplicateActionText);
      |               ~~~~~~~~~~~~~~~~~~~~~~~~~~^~~~~~~~~~~~~~~~~~~
/usr/include/qt6/QtCore/qstring.h:1104:5: note: declared here
 1104 |     QString(const char *ch) QSTRING_DECL_DELETED_ASCII_OP;
      |     ^~~~~~~
/home/sam/Documents/dev/latte-dock/containmentactions/contextmenu/menu.cpp:236:41: note: use ‘-fdiagnostics-all-candidates’ to display considered candidates
  236 |     m_actions[Latte::Data::ContextMenu::DUPLICATEVIEWACTION]->setText(duplicateActionText);
      |               ~~~~~~~~~~~~~~~~~~~~~~~~~~^~~~~~~~~~~~~~~~~~~
/home/sam/Documents/dev/latte-dock/containmentactions/contextmenu/menu.cpp:239:41: error: use of deleted function ‘QString::QString(const char*)’
  239 |     m_actions[Latte::Data::ContextMenu::EXPORTVIEWTEMPLATEACTION]->setText(exportTemplateText);
      |               ~~~~~~~~~~~~~~~~~~~~~~~~~~^~~~~~~~~~~~~~~~~~~~~~~~
/usr/include/qt6/QtCore/qstring.h:1104:5: note: declared here
 1104 |     QString(const char *ch) QSTRING_DECL_DELETED_ASCII_OP;
      |     ^~~~~~~
/home/sam/Documents/dev/latte-dock/containmentactions/contextmenu/menu.cpp:239:41: note: use ‘-fdiagnostics-all-candidates’ to display considered candidates
  239 |     m_actions[Latte::Data::ContextMenu::EXPORTVIEWTEMPLATEACTION]->setText(exportTemplateText);
      |               ~~~~~~~~~~~~~~~~~~~~~~~~~~^~~~~~~~~~~~~~~~~~~~~~~~
/home/sam/Documents/dev/latte-dock/containmentactions/contextmenu/menu.cpp:243:41: error: use of deleted function ‘QString::QString(const char*)’
  243 |     m_actions[Latte::Data::ContextMenu::MOVEVIEWACTION]->setText(moveText);
      |               ~~~~~~~~~~~~~~~~~~~~~~~~~~^~~~~~~~~~~~~~
/usr/include/qt6/QtCore/qstring.h:1104:5: note: declared here
 1104 |     QString(const char *ch) QSTRING_DECL_DELETED_ASCII_OP;
      |     ^~~~~~~
/home/sam/Documents/dev/latte-dock/containmentactions/contextmenu/menu.cpp:243:41: note: use ‘-fdiagnostics-all-candidates’ to display considered candidates
  243 |     m_actions[Latte::Data::ContextMenu::MOVEVIEWACTION]->setText(moveText);
      |               ~~~~~~~~~~~~~~~~~~~~~~~~~~^~~~~~~~~~~~~~
/home/sam/Documents/dev/latte-dock/containmentactions/contextmenu/menu.cpp:246:41: error: use of deleted function ‘QString::QString(const char*)’
  246 |     m_actions[Latte::Data::ContextMenu::REMOVEVIEWACTION]->setText(removeActionText);
      |               ~~~~~~~~~~~~~~~~~~~~~~~~~~^~~~~~~~~~~~~~~~
/usr/include/qt6/QtCore/qstring.h:1104:5: note: declared here
 1104 |     QString(const char *ch) QSTRING_DECL_DELETED_ASCII_OP;
      |     ^~~~~~~
/home/sam/Documents/dev/latte-dock/containmentactions/contextmenu/menu.cpp:246:41: note: use ‘-fdiagnostics-all-candidates’ to display considered candidates
  246 |     m_actions[Latte::Data::ContextMenu::REMOVEVIEWACTION]->setText(removeActionText);
      |               ~~~~~~~~~~~~~~~~~~~~~~~~~~^~~~~~~~~~~~~~~~
/home/sam/Documents/dev/latte-dock/containmentactions/contextmenu/menu.cpp: In member function ‘void Menu::updateVisibleActions()’:
/home/sam/Documents/dev/latte-dock/containmentactions/contextmenu/menu.cpp:264:55: error: use of deleted function ‘QString::QString(const char*)’
  264 |     if (!m_actions.contains(Latte::Data::ContextMenu::EDITVIEWACTION)
      |                             ~~~~~~~~~~~~~~~~~~~~~~~~~~^~~~~~~~~~~~~~
/usr/include/qt6/QtCore/qstring.h:1104:5: note: declared here
 1104 |     QString(const char *ch) QSTRING_DECL_DELETED_ASCII_OP;
      |     ^~~~~~~
/home/sam/Documents/dev/latte-dock/containmentactions/contextmenu/menu.cpp:264:55: note: use ‘-fdiagnostics-all-candidates’ to display considered candidates
  264 |     if (!m_actions.contains(Latte::Data::ContextMenu::EDITVIEWACTION)
      |                             ~~~~~~~~~~~~~~~~~~~~~~~~~~^~~~~~~~~~~~~~
/home/sam/Documents/dev/latte-dock/containmentactions/contextmenu/menu.cpp:265:62: error: use of deleted function ‘QString::QString(const char*)’
  265 |             || !m_actions.contains(Latte::Data::ContextMenu::REMOVEVIEWACTION)) {
      |                                    ~~~~~~~~~~~~~~~~~~~~~~~~~~^~~~~~~~~~~~~~~~
/usr/include/qt6/QtCore/qstring.h:1104:5: note: declared here
 1104 |     QString(const char *ch) QSTRING_DECL_DELETED_ASCII_OP;
      |     ^~~~~~~
/home/sam/Documents/dev/latte-dock/containmentactions/contextmenu/menu.cpp:265:62: note: use ‘-fdiagnostics-all-candidates’ to display considered candidates
  265 |             || !m_actions.contains(Latte::Data::ContextMenu::REMOVEVIEWACTION)) {
      |                                    ~~~~~~~~~~~~~~~~~~~~~~~~~~^~~~~~~~~~~~~~~~
/home/sam/Documents/dev/latte-dock/containmentactions/contextmenu/menu.cpp:285:57: error: use of deleted function ‘QString::QString(const char*)’
  285 |     bool isshown = (m_actions[Latte::Data::ContextMenu::MOVEVIEWACTION]->isVisible() && m_activeLayoutNames.count()>1);
      |                               ~~~~~~~~~~~~~~~~~~~~~~~~~~^~~~~~~~~~~~~~
/usr/include/qt6/QtCore/qstring.h:1104:5: note: declared here
 1104 |     QString(const char *ch) QSTRING_DECL_DELETED_ASCII_OP;
      |     ^~~~~~~
/home/sam/Documents/dev/latte-dock/containmentactions/contextmenu/menu.cpp:285:57: note: use ‘-fdiagnostics-all-candidates’ to display considered candidates
  285 |     bool isshown = (m_actions[Latte::Data::ContextMenu::MOVEVIEWACTION]->isVisible() && m_activeLayoutNames.count()>1);
      |                               ~~~~~~~~~~~~~~~~~~~~~~~~~~^~~~~~~~~~~~~~
/home/sam/Documents/dev/latte-dock/containmentactions/contextmenu/menu.cpp:286:41: error: use of deleted function ‘QString::QString(const char*)’
  286 |     m_actions[Latte::Data::ContextMenu::MOVEVIEWACTION]->setVisible(isshown);
      |               ~~~~~~~~~~~~~~~~~~~~~~~~~~^~~~~~~~~~~~~~
/usr/include/qt6/QtCore/qstring.h:1104:5: note: declared here
 1104 |     QString(const char *ch) QSTRING_DECL_DELETED_ASCII_OP;
      |     ^~~~~~~
/home/sam/Documents/dev/latte-dock/containmentactions/contextmenu/menu.cpp:286:41: note: use ‘-fdiagnostics-all-candidates’ to display considered candidates
  286 |     m_actions[Latte::Data::ContextMenu::MOVEVIEWACTION]->setVisible(isshown);
      |               ~~~~~~~~~~~~~~~~~~~~~~~~~~^~~~~~~~~~~~~~
/home/sam/Documents/dev/latte-dock/containmentactions/contextmenu/menu.cpp:289:41: error: use of deleted function ‘QString::QString(const char*)’
  289 |     m_actions[Latte::Data::ContextMenu::EDITVIEWACTION]->setVisible(!configuring);
      |               ~~~~~~~~~~~~~~~~~~~~~~~~~~^~~~~~~~~~~~~~
/usr/include/qt6/QtCore/qstring.h:1104:5: note: declared here
 1104 |     QString(const char *ch) QSTRING_DECL_DELETED_ASCII_OP;
      |     ^~~~~~~
/home/sam/Documents/dev/latte-dock/containmentactions/contextmenu/menu.cpp:289:41: note: use ‘-fdiagnostics-all-candidates’ to display considered candidates
  289 |     m_actions[Latte::Data::ContextMenu::EDITVIEWACTION]->setVisible(!configuring);
      |               ~~~~~~~~~~~~~~~~~~~~~~~~~~^~~~~~~~~~~~~~
/home/sam/Documents/dev/latte-dock/containmentactions/contextmenu/menu.cpp:290:41: error: use of deleted function ‘QString::QString(const char*)’
  290 |     m_actions[Latte::Data::ContextMenu::SECTIONACTION]->setVisible(true);
      |               ~~~~~~~~~~~~~~~~~~~~~~~~~~^~~~~~~~~~~~~
/usr/include/qt6/QtCore/qstring.h:1104:5: note: declared here
 1104 |     QString(const char *ch) QSTRING_DECL_DELETED_ASCII_OP;
      |     ^~~~~~~
/home/sam/Documents/dev/latte-dock/containmentactions/contextmenu/menu.cpp:290:41: note: use ‘-fdiagnostics-all-candidates’ to display considered candidates
  290 |     m_actions[Latte::Data::ContextMenu::SECTIONACTION]->setVisible(true);
      |               ~~~~~~~~~~~~~~~~~~~~~~~~~~^~~~~~~~~~~~~
/home/sam/Documents/dev/latte-dock/containmentactions/contextmenu/menu.cpp:293:45: error: use of deleted function ‘QString::QString(const char*)’
  293 |         m_actions[Latte::Data::ContextMenu::DUPLICATEVIEWACTION]->setVisible(false);
      |                   ~~~~~~~~~~~~~~~~~~~~~~~~~~^~~~~~~~~~~~~~~~~~~
/usr/include/qt6/QtCore/qstring.h:1104:5: note: declared here
 1104 |     QString(const char *ch) QSTRING_DECL_DELETED_ASCII_OP;
      |     ^~~~~~~
/home/sam/Documents/dev/latte-dock/containmentactions/contextmenu/menu.cpp:293:45: note: use ‘-fdiagnostics-all-candidates’ to display considered candidates
  293 |         m_actions[Latte::Data::ContextMenu::DUPLICATEVIEWACTION]->setVisible(false);
      |                   ~~~~~~~~~~~~~~~~~~~~~~~~~~^~~~~~~~~~~~~~~~~~~
/home/sam/Documents/dev/latte-dock/containmentactions/contextmenu/menu.cpp:294:45: error: use of deleted function ‘QString::QString(const char*)’
  294 |         m_actions[Latte::Data::ContextMenu::EXPORTVIEWTEMPLATEACTION]->setVisible(false);
      |                   ~~~~~~~~~~~~~~~~~~~~~~~~~~^~~~~~~~~~~~~~~~~~~~~~~~
/usr/include/qt6/QtCore/qstring.h:1104:5: note: declared here
 1104 |     QString(const char *ch) QSTRING_DECL_DELETED_ASCII_OP;
      |     ^~~~~~~
/home/sam/Documents/dev/latte-dock/containmentactions/contextmenu/menu.cpp:294:45: note: use ‘-fdiagnostics-all-candidates’ to display considered candidates
  294 |         m_actions[Latte::Data::ContextMenu::EXPORTVIEWTEMPLATEACTION]->setVisible(false);
      |                   ~~~~~~~~~~~~~~~~~~~~~~~~~~^~~~~~~~~~~~~~~~~~~~~~~~
/home/sam/Documents/dev/latte-dock/containmentactions/contextmenu/menu.cpp:295:45: error: use of deleted function ‘QString::QString(const char*)’
  295 |         m_actions[Latte::Data::ContextMenu::MOVEVIEWACTION]->setVisible(false);
      |                   ~~~~~~~~~~~~~~~~~~~~~~~~~~^~~~~~~~~~~~~~
/usr/include/qt6/QtCore/qstring.h:1104:5: note: declared here
 1104 |     QString(const char *ch) QSTRING_DECL_DELETED_ASCII_OP;
      |     ^~~~~~~
/home/sam/Documents/dev/latte-dock/containmentactions/contextmenu/menu.cpp:295:45: note: use ‘-fdiagnostics-all-candidates’ to display considered candidates
  295 |         m_actions[Latte::Data::ContextMenu::MOVEVIEWACTION]->setVisible(false);
      |                   ~~~~~~~~~~~~~~~~~~~~~~~~~~^~~~~~~~~~~~~~
/home/sam/Documents/dev/latte-dock/containmentactions/contextmenu/menu.cpp:296:45: error: use of deleted function ‘QString::QString(const char*)’
  296 |         m_actions[Latte::Data::ContextMenu::REMOVEVIEWACTION]->setVisible(false);
      |                   ~~~~~~~~~~~~~~~~~~~~~~~~~~^~~~~~~~~~~~~~~~
/usr/include/qt6/QtCore/qstring.h:1104:5: note: declared here
 1104 |     QString(const char *ch) QSTRING_DECL_DELETED_ASCII_OP;
      |     ^~~~~~~
/home/sam/Documents/dev/latte-dock/containmentactions/contextmenu/menu.cpp:296:45: note: use ‘-fdiagnostics-all-candidates’ to display considered candidates
  296 |         m_actions[Latte::Data::ContextMenu::REMOVEVIEWACTION]->setVisible(false);
      |                   ~~~~~~~~~~~~~~~~~~~~~~~~~~^~~~~~~~~~~~~~~~
/home/sam/Documents/dev/latte-dock/containmentactions/contextmenu/menu.cpp: In member function ‘void Menu::populateViewTemplates()’:
/home/sam/Documents/dev/latte-dock/containmentactions/contextmenu/menu.cpp:432:93: error: use of deleted function ‘QString::QString(const char*)’
  432 |     QAction *duplicateAction = m_addViewMenu->addAction(m_actions[Latte::Data::ContextMenu::DUPLICATEVIEWACTION]->text());
      |                                                                   ~~~~~~~~~~~~~~~~~~~~~~~~~~^~~~~~~~~~~~~~~~~~~
/usr/include/qt6/QtCore/qstring.h:1104:5: note: declared here
 1104 |     QString(const char *ch) QSTRING_DECL_DELETED_ASCII_OP;
      |     ^~~~~~~
/home/sam/Documents/dev/latte-dock/containmentactions/contextmenu/menu.cpp:432:93: note: use ‘-fdiagnostics-all-candidates’ to display considered candidates
  432 |     QAction *duplicateAction = m_addViewMenu->addAction(m_actions[Latte::Data::ContextMenu::DUPLICATEVIEWACTION]->text());
      |                                                                   ~~~~~~~~~~~~~~~~~~~~~~~~~~^~~~~~~~~~~~~~~~~~~
/home/sam/Documents/dev/latte-dock/containmentactions/contextmenu/menu.cpp:433:69: error: use of deleted function ‘QString::QString(const char*)’
  433 |     duplicateAction->setToolTip(m_actions[Latte::Data::ContextMenu::DUPLICATEVIEWACTION]->toolTip());
      |                                           ~~~~~~~~~~~~~~~~~~~~~~~~~~^~~~~~~~~~~~~~~~~~~
/usr/include/qt6/QtCore/qstring.h:1104:5: note: declared here
 1104 |     QString(const char *ch) QSTRING_DECL_DELETED_ASCII_OP;
      |     ^~~~~~~
/home/sam/Documents/dev/latte-dock/containmentactions/contextmenu/menu.cpp:433:69: note: use ‘-fdiagnostics-all-candidates’ to display considered candidates
  433 |     duplicateAction->setToolTip(m_actions[Latte::Data::ContextMenu::DUPLICATEVIEWACTION]->toolTip());
      |                                           ~~~~~~~~~~~~~~~~~~~~~~~~~~^~~~~~~~~~~~~~~~~~~
/home/sam/Documents/dev/latte-dock/containmentactions/contextmenu/menu.cpp:434:66: error: use of deleted function ‘QString::QString(const char*)’
  434 |     duplicateAction->setIcon(m_actions[Latte::Data::ContextMenu::DUPLICATEVIEWACTION]->icon());
      |                                        ~~~~~~~~~~~~~~~~~~~~~~~~~~^~~~~~~~~~~~~~~~~~~
/usr/include/qt6/QtCore/qstring.h:1104:5: note: declared here
 1104 |     QString(const char *ch) QSTRING_DECL_DELETED_ASCII_OP;
      |     ^~~~~~~
/home/sam/Documents/dev/latte-dock/containmentactions/contextmenu/menu.cpp:434:66: note: use ‘-fdiagnostics-all-candidates’ to display considered candidates
  434 |     duplicateAction->setIcon(m_actions[Latte::Data::ContextMenu::DUPLICATEVIEWACTION]->icon());
      |                                        ~~~~~~~~~~~~~~~~~~~~~~~~~~^~~~~~~~~~~~~~~~~~~
/home/sam/Documents/dev/latte-dock/containmentactions/contextmenu/menu.cpp:435:87: error: use of deleted function ‘QString::QString(const char*)’
  435 |     connect(duplicateAction, &QAction::triggered, m_actions[Latte::Data::ContextMenu::DUPLICATEVIEWACTION], &QAction::triggered);
      |                                                             ~~~~~~~~~~~~~~~~~~~~~~~~~~^~~~~~~~~~~~~~~~~~~
/usr/include/qt6/QtCore/qstring.h:1104:5: note: declared here
 1104 |     QString(const char *ch) QSTRING_DECL_DELETED_ASCII_OP;
      |     ^~~~~~~
/home/sam/Documents/dev/latte-dock/containmentactions/contextmenu/menu.cpp:435:87: note: use ‘-fdiagnostics-all-candidates’ to display considered candidates
  435 |     connect(duplicateAction, &QAction::triggered, m_actions[Latte::Data::ContextMenu::DUPLICATEVIEWACTION], &QAction::triggered);
      |                                                             ~~~~~~~~~~~~~~~~~~~~~~~~~~^~~~~~~~~~~~~~~~~~~
make[2]: *** [containmentactions/contextmenu/CMakeFiles/plasma_containmentactions_lattecontextmenu.dir/build.make:127: containmentactions/contextmenu/CMakeFiles/plasma_containmentactions_lattecontextmenu.dir/menu.cpp.o] Error 1
make[1]: *** [CMakeFiles/Makefile2:1542: containmentactions/contextmenu/CMakeFiles/plasma_containmentactions_lattecontextmenu.dir/all] Error 2
make[1]: *** [CMakeFiles/Makefile2:1639: containment/CMakeFiles/lattecontainmentplugin.dir/all] Error 2
make: *** [Makefile:146: all] Error 2
